date,position_count,unknown_position_count,gross_weight,unknown_weight,unknown_position_ratio,unknown_weight_ratio,path
2025-01-03,50,21,0.9494291342474422,0.3985567294256878,0.42,0.4197856533458927,data\dynamic_candidate1000_top300_2018_2026_bars.parquet
2025-01-06,51,20,0.9889565699873897,0.3847581562741579,0.39215686274509803,0.38905465411799023,data\dynamic_candidate1000_top300_2018_2026_bars.parquet
2025-01-07,51,20,0.9906772314253778,0.38493989127698064,0.39215686274509803,0.3885623683135752,data\dynamic_candidate1000_top300_2018_2026_bars.parquet
2025-01-08,51,23,0.9901426521074732,0.4448093840615846,0.45098039215686275,0.44923767612154497,data\dynamic_candidate1000_top300_2018_2026_bars.parquet
2025-01-09,51,25,0.990562099038164,0.4898264504688638,0.49019607843137253,0.4944934304921271,data\dynamic_candidate1000_top300_2018_2026_bars.parquet
2025-01-10,51,22,0.9903100746210102,0.4345550644768762,0.43137254901960786,0.43880707226287646,data\dynamic_candidate1000_top300_2018_2026_bars.parquet
2025-01-13,51,20,0.9904749654600968,0.3924171385494199,0.39215686274509803,0.3961908702731661,data\dynamic_candidate1000_top300_2018_2026_bars.parquet
2025-01-14,51,16,0.9908539773262832,0.31034063868606604,0.3137254901960784,0.3132052207364481,data\dynamic_candidate1000_top300_2018_2026_bars.parquet
2025-01-15,51,20,0.9905670510499669,0.39246140699726323,0.39215686274509803,0.39619872938562584,data\dynamic_candidate1000_top300_2018_2026_bars.parquet
2025-01-16,50,20,0.9897368534834844,0.40574076523371444,0.4,0.40994812288303356,data\dynamic_candidate1000_top300_2018_2026_bars.parquet
2025-01-17,50,22,0.9895643668230081,0.44690149605073104,0.44,0.4516143780373845,data\dynamic_candidate1000_top300_2018_2026_bars.parquet
2025-01-20,50,21,0.9891306527928624,0.4213508224997563,0.42,0.4259809574296885,data\dynamic_candidate1000_top300_2018_2026_bars.parquet
2025-01-21,50,19,0.9895589755286273,0.3793466193662808,0.38,0.38334917750974057,data\dynamic_candidate1000_top300_2018_2026_bars.parquet
2025-01-22,50,22,0.9893370867114285,0.4397875879024435,0.44,0.4445275465860722,data\dynamic_candidate1000_top300_2018_2026_bars.parquet
2025-01-23,50,21,0.989546163793186,0.42027640240866837,0.42,0.4247163172232818,data\dynamic_candidate1000_top300_2018_2026_bars.parquet
2025-01-24,50,22,0.9892951232428386,0.4392138055665067,0.44,0.443966411283617,data\dynamic_candidate1000_top300_2018_2026_bars.parquet
2025-01-27,50,19,0.9894380305763195,0.3820271210491792,0.38,0.3861051518574228,data\dynamic_candidate1000_top300_2018_2026_bars.parquet
2025-02-05,50,21,0.9894847846316798,0.4197956889782427,0.42,0.4242568410331899,data\dynamic_candidate1000_top300_2018_2026_bars.parquet
2025-02-06,50,25,0.9894899232422353,0.4944090470715379,0.5,0.49966051746289736,data\dynamic_candidate1000_top300_2018_2026_bars.parquet
2025-02-07,50,27,0.9897243768552884,0.5299256114275953,0.54,0.5354274622510161,data\dynamic_candidate1000_top300_2018_2026_bars.parquet
2025-02-10,50,25,0.9888796652722591,0.4922836098718216,0.5,0.4978195296758233,data\dynamic_candidate1000_top300_2018_2026_bars.parquet
2025-02-11,50,26,0.9896243356774695,0.516292412839303,0.52,0.5217054535000532,data\dynamic_candidate1000_top300_2018_2026_bars.parquet
2025-02-12,50,26,0.9896345315457158,0.5157148465342232,0.52,0.521116462790284,data\dynamic_candidate1000_top300_2018_2026_bars.parquet
2025-02-13,50,26,0.9890912156835804,0.5212771618888737,0.52,0.5270263789862989,data\dynamic_candidate1000_top300_2018_2026_bars.parquet
2025-02-14,50,24,0.9882343395279563,0.47444076834977733,0.48,0.48008933647903845,data\dynamic_candidate1000_top300_2018_2026_bars.parquet
2025-02-17,50,20,0.9892578103841304,0.39398775133888153,0.4,0.398266000230916,data\dynamic_candidate1000_top300_2018_2026_bars.parquet
2025-02-18,50,24,0.9875715463042577,0.48148814535398976,0.48,0.4875476082273128,data\dynamic_candidate1000_top300_2018_2026_bars.parquet
2025-02-19,50,25,0.9889616833061604,0.50294060312604,0.5,0.5085541852791287,data\dynamic_candidate1000_top300_2018_2026_bars.parquet
2025-02-20,50,26,0.9888999224149506,0.5157532998680244,0.52,0.5215424616563071,data\dynamic_candidate1000_top300_2018_2026_bars.parquet
2025-02-21,50,27,0.989261376275002,0.5402885497878428,0.54,0.5461534865762813,data\dynamic_candidate1000_top300_2018_2026_bars.parquet
2025-02-24,50,26,0.9895266180045325,0.5153659461112089,0.52,0.5208207002561384,data\dynamic_candidate1000_top300_2018_2026_bars.parquet
2025-02-25,50,27,0.9892139260881085,0.5339918518833865,0.54,0.5398143291361471,data\dynamic_candidate1000_top300_2018_2026_bars.parquet
2025-02-26,50,24,0.989189708227145,0.4709627530737325,0.48,0.47610963716738,data\dynamic_candidate1000_top300_2018_2026_bars.parquet
2025-02-27,50,23,0.9892426749539546,0.45187205734230707,0.46,0.45678585122031856,data\dynamic_candidate1000_top300_2018_2026_bars.parquet
2025-02-28,50,23,0.9886355867899128,0.455665905715932,0.46,0.46090380702911316,data\dynamic_candidate1000_top300_2018_2026_bars.parquet
2025-03-03,50,24,0.9890852570769972,0.4768726984755879,0.48,0.48213507891611895,data\dynamic_candidate1000_top300_2018_2026_bars.parquet
2025-03-04,50,25,0.9893874921856974,0.49832707198155735,0.5,0.5036722981818601,data\dynamic_candidate1000_top300_2018_2026_bars.parquet
2025-03-05,50,25,0.9893565295952994,0.49491885460769497,0.5,0.5002431780686217,data\dynamic_candidate1000_top300_2018_2026_bars.parquet
2025-03-06,50,29,0.9892542341201779,0.5749737642849905,0.58,0.5812194120112715,data\dynamic_candidate1000_top300_2018_2026_bars.parquet
2025-03-07,50,25,0.9890776361597194,0.4953257025819019,0.5,0.5007955740512923,data\dynamic_candidate1000_top300_2018_2026_bars.parquet
2025-03-10,50,24,0.9892511100817327,0.47879829128249524,0.48,0.4840007621956942,data\dynamic_candidate1000_top300_2018_2026_bars.parquet
2025-03-11,50,25,0.9896485842455884,0.49668004661589366,0.5,0.5018751651067274,data\dynamic_candidate1000_top300_2018_2026_bars.parquet
2025-03-12,50,28,0.9894359135034025,0.5563958531873772,0.56,0.5623364238086793,data\dynamic_candidate1000_top300_2018_2026_bars.parquet
2025-03-13,50,25,0.9897092544786359,0.49406058345369624,0.5,0.49919769994871876,data\dynamic_candidate1000_top300_2018_2026_bars.parquet
2025-03-14,50,26,0.9894939318907133,0.5127045337498858,0.52,0.5181482343911054,data\dynamic_candidate1000_top300_2018_2026_bars.parquet
2025-03-17,50,25,0.989630277060883,0.4917956997607338,0.5,0.4969489224009241,data\dynamic_candidate1000_top300_2018_2026_bars.parquet
2025-03-18,50,25,0.989521608006405,0.49239350715404767,0.5,0.49760763501271665,data\dynamic_candidate1000_top300_2018_2026_bars.parquet
2025-03-19,50,22,0.9894224614206151,0.4313975899707929,0.44,0.43600949724892163,data\dynamic_candidate1000_top300_2018_2026_bars.parquet
2025-03-20,50,23,0.9894123631642056,0.4502664735450766,0.46,0.455084745560582,data\dynamic_candidate1000_top300_2018_2026_bars.parquet
2025-03-21,50,23,0.9894234771151766,0.4540807764593761,0.46,0.45893470992150065,data\dynamic_candidate1000_top300_2018_2026_bars.parquet
2025-03-24,50,22,0.9893469394765346,0.43712502348049714,0.44,0.44183188529574957,data\dynamic_candidate1000_top300_2018_2026_bars.parquet
2025-03-25,50,24,0.989535778062049,0.4766586374089409,0.48,0.48169924521824814,data\dynamic_candidate1000_top300_2018_2026_bars.parquet
2025-03-26,50,21,0.9894549310094413,0.4183103292232873,0.42,0.42276845171363936,data\dynamic_candidate1000_top300_2018_2026_bars.parquet
2025-03-27,50,23,0.9894952592601437,0.45785883728973426,0.46,0.462719586582032,data\dynamic_candidate1000_top300_2018_2026_bars.parquet
2025-03-28,50,25,0.9892212518023455,0.4981518080356011,0.5,0.5035797675474282,data\dynamic_candidate1000_top300_2018_2026_bars.parquet
2025-03-31,50,23,0.9894806005066422,0.4584799353035194,0.46,0.46335414263681834,data\dynamic_candidate1000_top300_2018_2026_bars.parquet
2025-04-01,50,25,0.9890035162679007,0.4962528560389665,0.5,0.5017705679264156,data\dynamic_candidate1000_top300_2018_2026_bars.parquet
2025-04-02,50,23,0.9893430488311364,0.45848155336176866,0.46,0.4634201998017206,data\dynamic_candidate1000_top300_2018_2026_bars.parquet
2025-04-03,50,25,0.9891483091357707,0.4965578272946678,0.5,0.5020054350884101,data\dynamic_candidate1000_top300_2018_2026_bars.parquet
2025-04-07,50,24,0.9889768050658851,0.4858620282716539,0.48,0.4912774756525114,data\dynamic_candidate1000_top300_2018_2026_bars.parquet
2025-04-08,50,18,0.9895526422270586,0.35587022406342045,0.36,0.35962737996688,data\dynamic_candidate1000_top300_2018_2026_bars.parquet
2025-04-09,50,16,0.9886473475611206,0.3099013929903946,0.32,0.3134599953713381,data\dynamic_candidate1000_top300_2018_2026_bars.parquet
2025-04-10,50,12,0.9895747999090699,0.2361328076414396,0.24,0.23862047382687734,data\dynamic_candidate1000_top300_2018_2026_bars.parquet
2025-04-11,50,15,0.9896700425616249,0.295431167257447,0.3,0.29851481256597806,data\dynamic_candidate1000_top300_2018_2026_bars.parquet
2025-04-14,50,16,0.9893268698355944,0.3154623635660807,0.32,0.3188656582414506,data\dynamic_candidate1000_top300_2018_2026_bars.parquet
2025-04-15,50,16,0.9890885053537317,0.3155947228539424,0.32,0.31907632243797535,data\dynamic_candidate1000_top300_2018_2026_bars.parquet
2025-04-16,50,21,0.9891042441934725,0.4180296772679192,0.42,0.4226346006722331,data\dynamic_candidate1000_top300_2018_2026_bars.parquet
2025-04-17,50,16,0.9891118798774498,0.3176506862577117,0.32,0.3211473774807643,data\dynamic_candidate1000_top300_2018_2026_bars.parquet
2025-04-18,50,16,0.9892950228908093,0.31452601675814046,0.32,0.3179294441804297,data\dynamic_candidate1000_top300_2018_2026_bars.parquet
2025-04-21,50,19,0.9893565816144749,0.3738530685442855,0.38,0.3778749497316891,data\dynamic_candidate1000_top300_2018_2026_bars.parquet
2025-04-22,50,23,0.9896420959638352,0.4520059386857477,0.46,0.4567367743644016,data\dynamic_candidate1000_top300_2018_2026_bars.parquet
2025-04-23,50,23,0.9893034032151249,0.4490611354848423,0.46,0.4539164972297114,data\dynamic_candidate1000_top300_2018_2026_bars.parquet
2025-04-24,50,25,0.9894689360267184,0.4931483701170639,0.5,0.49839702102961986,data\dynamic_candidate1000_top300_2018_2026_bars.parquet
2025-04-25,50,23,0.9892283040319146,0.4536444476786236,0.46,0.4585841770091407,data\dynamic_candidate1000_top300_2018_2026_bars.parquet
2025-04-28,50,22,0.9892078750702313,0.4309311737740913,0.44,0.4356325749463895,data\dynamic_candidate1000_top300_2018_2026_bars.parquet
2025-04-29,50,21,0.9892420950936471,0.4133320443459729,0.42,0.4178269873431181,data\dynamic_candidate1000_top300_2018_2026_bars.parquet
2025-04-30,50,21,0.9894756127190311,0.4099144375703953,0.42,0.41427442202842196,data\dynamic_candidate1000_top300_2018_2026_bars.parquet
2025-05-06,50,23,0.9893273676859826,0.44991353748058954,0.46,0.4547670995223032,data\dynamic_candidate1000_top300_2018_2026_bars.parquet
2025-05-07,50,23,0.9893027636785015,0.44925630353815366,0.46,0.4541140690517172,data\dynamic_candidate1000_top300_2018_2026_bars.parquet
2025-05-08,50,26,0.9893357631617254,0.5101403280600277,0.52,0.5156392268987812,data\dynamic_candidate1000_top300_2018_2026_bars.parquet
2025-05-09,50,23,0.9893329324947561,0.4503578928843705,0.46,0.4552136880238318,data\dynamic_candidate1000_top300_2018_2026_bars.parquet
2025-05-12,50,23,0.9887279665410574,0.4510103409776555,0.46,0.45615210274213186,data\dynamic_candidate1000_top300_2018_2026_bars.parquet
2025-05-13,50,24,0.9893561581428516,0.47552490067775854,0.48,0.4806407649702002,data\dynamic_candidate1000_top300_2018_2026_bars.parquet
2025-05-14,50,21,0.9894279815464506,0.4132462734137576,0.42,0.4176618016885516,data\dynamic_candidate1000_top300_2018_2026_bars.parquet
2025-05-15,50,20,0.9891858984265879,0.3926770299951733,0.4,0.396969902846139,data\dynamic_candidate1000_top300_2018_2026_bars.parquet
2025-05-16,50,19,0.9893006535797779,0.3750863721947769,0.38,0.3791429540024353,data\dynamic_candidate1000_top300_2018_2026_bars.parquet
2025-05-19,50,17,0.9892631833420336,0.3341766470335604,0.34,0.3378035821616342,data\dynamic_candidate1000_top300_2018_2026_bars.parquet
2025-05-20,50,16,0.9896949863419006,0.31225269761658325,0.32,0.31550397034012284,data\dynamic_candidate1000_top300_2018_2026_bars.parquet
2025-05-21,50,20,0.9888069050624944,0.3944732720184352,0.4,0.39893862997801754,data\dynamic_candidate1000_top300_2018_2026_bars.parquet
2025-05-22,50,21,0.9892648350479541,0.41534058583346706,0.42,0.41984772036634016,data\dynamic_candidate1000_top300_2018_2026_bars.parquet
2025-05-23,50,16,0.9897170536887044,0.3189183917256298,0.32,0.3222318848978217,data\dynamic_candidate1000_top300_2018_2026_bars.parquet
2025-05-26,50,16,0.9894395427496258,0.31617803555035484,0.32,0.3195526577315726,data\dynamic_candidate1000_top300_2018_2026_bars.parquet
2025-05-27,50,21,0.9895064089838603,0.41177664813439097,0.42,0.41614348769832715,data\dynamic_candidate1000_top300_2018_2026_bars.parquet
2025-05-28,50,21,0.9890709508151337,0.4168434204015736,0.42,0.4214494623040298,data\dynamic_candidate1000_top300_2018_2026_bars.parquet
2025-05-29,50,19,0.9892641095688571,0.3781618435214163,0.38,0.3822658073446407,data\dynamic_candidate1000_top300_2018_2026_bars.parquet
2025-05-30,50,22,0.988951942733245,0.4416084074933383,0.44,0.44654182717193525,data\dynamic_candidate1000_top300_2018_2026_bars.parquet
2025-06-03,50,22,0.9891527321841427,0.44072862361268667,0.44,0.44556175125707453,data\dynamic_candidate1000_top300_2018_2026_bars.parquet
2025-06-04,50,23,0.9896739115778799,0.4615842250927642,0.46,0.46640031599584203,data\dynamic_candidate1000_top300_2018_2026_bars.parquet
2025-06-05,50,24,0.9893195386130577,0.4810033396305544,0.48,0.4861961387165975,data\dynamic_candidate1000_top300_2018_2026_bars.parquet
2025-06-06,50,23,0.9893929251369915,0.45972906468134556,0.46,0.4646577239449043,data\dynamic_candidate1000_top300_2018_2026_bars.parquet
2025-06-09,50,23,0.9893681644001151,0.459219100954934,0.46,0.4641539090085569,data\dynamic_candidate1000_top300_2018_2026_bars.parquet
2025-06-10,50,24,0.989089097295619,0.4801393743413435,0.48,0.48543591841639666,data\dynamic_candidate1000_top300_2018_2026_bars.parquet
2025-06-11,50,24,0.9894600136295459,0.4801471572144814,0.48,0.48526181007881397,data\dynamic_candidate1000_top300_2018_2026_bars.parquet
2025-06-12,50,20,0.9894778162559232,0.3996374706094447,0.4,0.40388724642825197,data\dynamic_candidate1000_top300_2018_2026_bars.parquet
2025-06-13,50,21,0.989301565340763,0.41809762720900184,0.42,0.4226189888469336,data\dynamic_candidate1000_top300_2018_2026_bars.parquet
2025-06-16,50,22,0.9893646941732852,0.43744883943970614,0.44,0.4421512532395742,data\dynamic_candidate1000_top300_2018_2026_bars.parquet
2025-06-17,50,22,0.9893860451902317,0.4362684925460275,0.44,0.44094870214401005,data\dynamic_candidate1000_top300_2018_2026_bars.parquet
2025-06-18,50,20,0.989438063089633,0.4012007141526221,0.4,0.40548340428690116,data\dynamic_candidate1000_top300_2018_2026_bars.parquet
2025-06-19,50,20,0.9894688531146139,0.3991503524139323,0.4,0.4033986023486252,data\dynamic_candidate1000_top300_2018_2026_bars.parquet
2025-06-20,50,20,0.9896253130231683,0.40275616449902907,0.4,0.40697843840378817,data\dynamic_candidate1000_top300_2018_2026_bars.parquet
2025-06-23,50,20,0.989318514408446,0.40308960768626756,0.4,0.40744169022985616,data\dynamic_candidate1000_top300_2018_2026_bars.parquet
2025-06-24,50,20,0.989327141350388,0.4020264730550467,0.4,0.406363533609619,data\dynamic_candidate1000_top300_2018_2026_bars.parquet
2025-06-25,50,21,0.9897212450888452,0.41946584237414036,0.42,0.42382220696544287,data\dynamic_candidate1000_top300_2018_2026_bars.parquet
2025-06-26,50,25,0.989514323979178,0.49749229780093124,0.5,0.5027641194726149,data\dynamic_candidate1000_top300_2018_2026_bars.parquet
2025-06-27,50,24,0.9893676286847235,0.4777059821899211,0.48,0.4828397133075688,data\dynamic_candidate1000_top300_2018_2026_bars.parquet
2025-06-30,50,25,0.989442877710385,0.4971311027133965,0.5,0.5024353744036039,data\dynamic_candidate1000_top300_2018_2026_bars.parquet
2025-07-01,50,28,0.9897190916444651,0.5578920540926248,0.56,0.5636872712697304,data\dynamic_candidate1000_top300_2018_2026_bars.parquet
2025-07-02,50,27,0.9895993139647266,0.5393103040904628,0.54,0.5449784538853126,data\dynamic_candidate1000_top300_2018_2026_bars.parquet
2025-07-03,50,24,0.9895278873678462,0.4767135308800457,0.48,0.4817585607901444,data\dynamic_candidate1000_top300_2018_2026_bars.parquet
2025-07-04,50,23,0.9896216898602707,0.4597055519887407,0.46,0.46452655261997006,data\dynamic_candidate1000_top300_2018_2026_bars.parquet
2025-07-07,50,22,0.9895180871460716,0.43604986436307724,0.44,0.44066891755431653,data\dynamic_candidate1000_top300_2018_2026_bars.parquet
2025-07-08,50,25,0.9895404131107564,0.492845132500471,0.5,0.49805457763078576,data\dynamic_candidate1000_top300_2018_2026_bars.parquet
2025-07-09,50,27,0.9895739842853276,0.5318795627193007,0.54,0.5374833728105991,data\dynamic_candidate1000_top300_2018_2026_bars.parquet
2025-07-10,50,29,0.9896458535149356,0.5706456071338832,0.58,0.5766159733879702,data\dynamic_candidate1000_top300_2018_2026_bars.parquet
2025-07-11,50,27,0.9897846788769992,0.5309818883773081,0.54,0.5364620201837792,data\dynamic_candidate1000_top300_2018_2026_bars.parquet
2025-07-14,50,23,0.9895285692184628,0.45300761905795883,0.46,0.45780145530891314,data\dynamic_candidate1000_top300_2018_2026_bars.parquet
2025-07-15,50,26,0.9898108354862258,0.5085724663597392,0.52,0.5138077379299577,data\dynamic_candidate1000_top300_2018_2026_bars.parquet
2025-07-16,50,24,0.9892709066784366,0.4688603815250679,0.48,0.4739453857986257,data\dynamic_candidate1000_top300_2018_2026_bars.parquet
2025-07-17,50,26,0.9892839644686804,0.507155287106024,0.52,0.5126488504020222,data\dynamic_candidate1000_top300_2018_2026_bars.parquet
2025-07-18,50,28,0.9889543227321284,0.551510555531197,0.56,0.5576704028226196,data\dynamic_candidate1000_top300_2018_2026_bars.parquet
2025-07-21,50,29,0.9893318411647556,0.5722505335947393,0.58,0.5784212230761925,data\dynamic_candidate1000_top300_2018_2026_bars.parquet
2025-07-22,50,28,0.9894206342345683,0.5502099556712562,0.56,0.5560930676333706,data\dynamic_candidate1000_top300_2018_2026_bars.parquet
2025-07-23,50,26,0.9895457214312298,0.515269064589091,0.52,0.5207127406339865,data\dynamic_candidate1000_top300_2018_2026_bars.parquet
2025-07-24,50,22,0.9897779407419601,0.4378976314354447,0.44,0.44242007566584746,data\dynamic_candidate1000_top300_2018_2026_bars.parquet
2025-07-25,50,24,0.9895417347086396,0.47808412630453523,0.48,0.4831369001786491,data\dynamic_candidate1000_top300_2018_2026_bars.parquet
2025-07-28,50,22,0.9897244586257028,0.4385478613977017,0.44,0.4431009636830175,data\dynamic_candidate1000_top300_2018_2026_bars.parquet
2025-07-29,50,22,0.9893459594436365,0.4365954612443971,0.44,0.4412970579977086,data\dynamic_candidate1000_top300_2018_2026_bars.parquet
2025-07-30,50,26,0.9890980552961339,0.5150956194706001,0.52,0.5207730585582655,data\dynamic_candidate1000_top300_2018_2026_bars.parquet
2025-07-31,50,22,0.989160681770147,0.43784555530313735,0.44,0.4426435091613157,data\dynamic_candidate1000_top300_2018_2026_bars.parquet
2025-08-01,50,21,0.989435439635528,0.41863706461363587,0.42,0.42310700409907137,data\dynamic_candidate1000_top300_2018_2026_bars.parquet
2025-08-04,50,20,0.9891164999278599,0.3973811556535509,0.4,0.40175364143913633,data\dynamic_candidate1000_top300_2018_2026_bars.parquet
2025-08-05,50,20,0.989506742119044,0.3961028160462006,0.4,0.4003033018228257,data\dynamic_candidate1000_top300_2018_2026_bars.parquet
2025-08-06,50,19,0.9893338515241145,0.3755860392690097,0.38,0.3796352855918172,data\dynamic_candidate1000_top300_2018_2026_bars.parquet
2025-08-07,50,23,0.9896456329845542,0.4519430442107199,0.46,0.4566715894534479,data\dynamic_candidate1000_top300_2018_2026_bars.parquet
2025-08-08,50,24,0.9893939022656325,0.4724786812433214,0.48,0.47754355485856864,data\dynamic_candidate1000_top300_2018_2026_bars.parquet
2025-08-11,50,27,0.9893360017587711,0.5292876373876924,0.54,0.5349927996623619,data\dynamic_candidate1000_top300_2018_2026_bars.parquet
2025-08-12,50,26,0.9896296717687139,0.5110662448731472,0.52,0.5164217074855334,data\dynamic_candidate1000_top300_2018_2026_bars.parquet
2025-08-13,50,29,0.9893492697696333,0.5718646577676662,0.58,0.5780210035438981,data\dynamic_candidate1000_top300_2018_2026_bars.parquet
2025-08-14,50,29,0.9894840988673291,0.5688326201938924,0.58,0.5748779801969934,data\dynamic_candidate1000_top300_2018_2026_bars.parquet
2025-08-15,50,24,0.989452627328905,0.4712727591340714,0.48,0.47629643513737935,data\dynamic_candidate1000_top300_2018_2026_bars.parquet
2025-08-18,50,26,0.9894790185802138,0.5136363207056885,0.52,0.5190977383660912,data\dynamic_candidate1000_top300_2018_2026_bars.parquet
2025-08-19,50,23,0.9895317915174208,0.4541011118228556,0.46,0.45890502530141414,data\dynamic_candidate1000_top300_2018_2026_bars.parquet
2025-08-20,50,21,0.9893695182028076,0.4106525862521665,0.42,0.41506492639688153,data\dynamic_candidate1000_top300_2018_2026_bars.parquet
2025-08-21,50,21,0.9893136522261711,0.4106946729688444,0.42,0.4151309062042073,data\dynamic_candidate1000_top300_2018_2026_bars.parquet
2025-08-22,50,23,0.9894394365007408,0.4535525069520105,0.46,0.45839339955565933,data\dynamic_candidate1000_top300_2018_2026_bars.parquet
2025-08-25,50,26,0.9891668178063895,0.517474626318906,0.52,0.5231419180300403,data\dynamic_candidate1000_top300_2018_2026_bars.parquet
2025-08-26,50,23,0.989517486001755,0.4579354248770513,0.46,0.4627865918038351,data\dynamic_candidate1000_top300_2018_2026_bars.parquet
2025-08-27,50,23,0.9895995420278432,0.4613154605985369,0.46,0.46616377737324927,data\dynamic_candidate1000_top300_2018_2026_bars.parquet
2025-08-28,50,23,0.9893026603327857,0.4571566036944691,0.46,0.4620998426716945,data\dynamic_candidate1000_top300_2018_2026_bars.parquet
2025-08-29,50,24,0.9892664394506844,0.4762562847187676,0.48,0.48142367488299825,data\dynamic_candidate1000_top300_2018_2026_bars.parquet
2025-09-01,50,21,0.989066600040935,0.41379322508701116,0.42,0.41836740323643046,data\dynamic_candidate1000_top300_2018_2026_bars.parquet
2025-09-02,50,19,0.9896269907890579,0.381937754572106,0.38,0.38594112542097914,data\dynamic_candidate1000_top300_2018_2026_bars.parquet
2025-09-03,50,17,0.9895102498712788,0.34157432113544883,0.34,0.34519533393401713,data\dynamic_candidate1000_top300_2018_2026_bars.parquet
2025-09-04,50,15,0.9891006710581762,0.2945973091808463,0.3,0.2978436046006068,data\dynamic_candidate1000_top300_2018_2026_bars.parquet
2025-09-05,50,20,0.9892810097209779,0.3968861260181408,0.4,0.4011864395639017,data\dynamic_candidate1000_top300_2018_2026_bars.parquet
2025-09-08,50,22,0.9892476476107701,0.43985495212068293,0.44,0.4446358332850426,data\dynamic_candidate1000_top300_2018_2026_bars.parquet
2025-09-09,50,22,0.9892923675649816,0.4376832991614244,0.44,0.4424205760716891,data\dynamic_candidate1000_top300_2018_2026_bars.parquet
2025-09-10,50,23,0.9894561904900175,0.45896604241463385,0.46,0.4638568607947522,data\dynamic_candidate1000_top300_2018_2026_bars.parquet
2025-09-11,50,23,0.989342955972505,0.458925326244674,0.46,0.4638687964312227,data\dynamic_candidate1000_top300_2018_2026_bars.parquet
2025-09-12,50,26,0.9896399460956768,0.5170849499084892,0.52,0.5224980579537947,data\dynamic_candidate1000_top300_2018_2026_bars.parquet
2025-09-15,50,28,0.9890602420828772,0.5576394148049754,0.56,0.5638073305126834,data\dynamic_candidate1000_top300_2018_2026_bars.parquet
2025-09-16,50,28,0.9894602898333948,0.5550067106562778,0.56,0.5609186304482515,data\dynamic_candidate1000_top300_2018_2026_bars.parquet
2025-09-17,50,25,0.9894254737432983,0.4934891172865393,0.5,0.4987633029292439,data\dynamic_candidate1000_top300_2018_2026_bars.parquet
2025-09-18,51,25,0.9901751824257989,0.4855958972509347,0.49019607843137253,0.4904141265803983,data\dynamic_candidate1000_top300_2018_2026_bars.parquet
2025-09-19,51,25,0.990449538819121,0.48852803523494553,0.49019607843137253,0.4932386922178799,data\dynamic_candidate1000_top300_2018_2026_bars.parquet
2025-09-22,51,24,0.9909293809650908,0.4712826464876527,0.47058823529411764,0.4755966020794124,data\dynamic_candidate1000_top300_2018_2026_bars.parquet
2025-09-23,51,23,0.9905966930336569,0.4544601439348843,0.45098039215686275,0.4587741379825537,data\dynamic_candidate1000_top300_2018_2026_bars.parquet
2025-09-24,51,22,0.9906720848261013,0.43269118923321487,0.43137254901960786,0.4367652988921837,data\dynamic_candidate1000_top300_2018_2026_bars.parquet
2025-09-25,51,26,0.9908437926522987,0.510183858405117,0.5098039215686274,0.5148983746867433,data\dynamic_candidate1000_top300_2018_2026_bars.parquet
2025-09-26,50,25,0.9712115581203449,0.4899324209187724,0.5,0.5044548912360286,data\dynamic_candidate1000_top300_2018_2026_bars.parquet
2025-09-29,51,23,0.9897011533323443,0.4498738144544008,0.45098039215686275,0.4545552088523554,data\dynamic_candidate1000_top300_2018_2026_bars.parquet
2025-09-30,51,24,0.9906119238271918,0.4717583806201972,0.47058823529411764,0.4762292571621554,data\dynamic_candidate1000_top300_2018_2026_bars.parquet
2025-10-09,51,24,0.9906215788037966,0.4661999768782318,0.47058823529411764,0.4706135893397167,data\dynamic_candidate1000_top300_2018_2026_bars.parquet
2025-10-10,51,23,0.9906490159008932,0.443606527675756,0.45098039215686275,0.4477938407603843,data\dynamic_candidate1000_top300_2018_2026_bars.parquet
2025-10-13,51,25,0.9899220182056941,0.4879428503249811,0.49019607843137253,0.49291039228464995,data\dynamic_candidate1000_top300_2018_2026_bars.parquet
2025-10-14,50,25,0.9891164389118694,0.4949243846754475,0.5,0.500370194251261,data\dynamic_candidate1000_top300_2018_2026_bars.parquet
2025-10-15,50,23,0.989426409824119,0.4518685630809216,0.46,0.4566974952298332,data\dynamic_candidate1000_top300_2018_2026_bars.parquet
2025-10-16,50,25,0.9898664922590542,0.49220362783066296,0.5,0.4972424379244976,data\dynamic_candidate1000_top300_2018_2026_bars.parquet
2025-10-17,50,25,0.9890611079135186,0.49791236788603377,0.5,0.5034192163681459,data\dynamic_candidate1000_top300_2018_2026_bars.parquet
2025-10-20,50,23,0.9889541401830833,0.45421803955240936,0.46,0.45929130694404174,data\dynamic_candidate1000_top300_2018_2026_bars.parquet
2025-10-21,50,26,0.9896108003220854,0.5144795601772207,0.52,0.5198807046262781,data\dynamic_candidate1000_top300_2018_2026_bars.parquet
2025-10-22,50,27,0.9894873359533075,0.5307890858869907,0.54,0.5364283772016238,data\dynamic_candidate1000_top300_2018_2026_bars.parquet
2025-10-23,50,25,0.9893792178218912,0.4944831302518529,0.5,0.49979130483501844,data\dynamic_candidate1000_top300_2018_2026_bars.parquet
2025-10-24,50,24,0.9890346124443752,0.47578796164015014,0.48,0.4810630039167706,data\dynamic_candidate1000_top300_2018_2026_bars.parquet
2025-10-27,50,20,0.9893704419964465,0.3933368688872603,0.4,0.3975627855766011,data\dynamic_candidate1000_top300_2018_2026_bars.parquet
2025-10-28,50,22,0.9892054830319862,0.42993023265538,0.44,0.43462176466876506,data\dynamic_candidate1000_top300_2018_2026_bars.parquet
2025-10-29,50,25,0.9894196211006396,0.4899694661442151,0.5,0.49520896462430014,data\dynamic_candidate1000_top300_2018_2026_bars.parquet
2025-10-30,50,22,0.9896503302210634,0.43163314061887753,0.44,0.4361471192784439,data\dynamic_candidate1000_top300_2018_2026_bars.parquet
2025-10-31,50,26,0.9891194404115415,0.5106439392766969,0.52,0.5162611494767851,data\dynamic_candidate1000_top300_2018_2026_bars.parquet
2025-11-03,50,30,0.9892226140179313,0.5919999819245859,0.6,0.598449705390434,data\dynamic_candidate1000_top300_2018_2026_bars.parquet
2025-11-04,50,29,0.9895325018632682,0.5687815153817115,0.58,0.5747982146222669,data\dynamic_candidate1000_top300_2018_2026_bars.parquet
2025-11-05,50,27,0.9896074182084016,0.5310363284901966,0.54,0.5366131242746662,data\dynamic_candidate1000_top300_2018_2026_bars.parquet
2025-11-06,50,22,0.9895709500604901,0.433522078566769,0.44,0.43809095097250866,data\dynamic_candidate1000_top300_2018_2026_bars.parquet
2025-11-07,50,29,0.9896670560892293,0.5667838675619027,0.58,0.572701560665874,data\dynamic_candidate1000_top300_2018_2026_bars.parquet
2025-11-10,50,28,0.9891709361781134,0.5502391763441998,0.56,0.5562629836964013,data\dynamic_candidate1000_top300_2018_2026_bars.parquet
2025-11-11,50,26,0.9892440509536908,0.5061176071803751,0.52,0.511620571983675,data\dynamic_candidate1000_top300_2018_2026_bars.parquet
2025-11-12,50,27,0.989082217655523,0.5284566763343149,0.54,0.5342899375816759,data\dynamic_candidate1000_top300_2018_2026_bars.parquet
2025-11-13,50,29,0.9893365536591812,0.5718254311431551,0.58,0.5779887835218354,data\dynamic_candidate1000_top300_2018_2026_bars.parquet
2025-11-14,50,25,0.9895013818067694,0.4874880501516019,0.5,0.4926603025672166,data\dynamic_candidate1000_top300_2018_2026_bars.parquet
2025-11-17,50,24,0.9895577875920292,0.4609291979920639,0.48,0.46579310856992,data\dynamic_candidate1000_top300_2018_2026_bars.parquet
2025-11-18,50,24,0.9896281238071519,0.46272464260419444,0.48,0.4675742649916498,data\dynamic_candidate1000_top300_2018_2026_bars.parquet
2025-11-19,51,24,0.9903204510912584,0.4625042616751503,0.47058823529411764,0.4670248515674956,data\dynamic_candidate1000_top300_2018_2026_bars.parquet
2025-11-20,51,24,0.990700893039463,0.4654238378826459,0.47058823529411764,0.46979248848229965,data\dynamic_candidate1000_top300_2018_2026_bars.parquet
2025-11-21,50,24,0.9894885838951346,0.4684824141901955,0.48,0.47345914022171776,data\dynamic_candidate1000_top300_2018_2026_bars.parquet
2025-11-24,50,24,0.9893054817114494,0.4696537434987179,0.48,0.47473076029685013,data\dynamic_candidate1000_top300_2018_2026_bars.parquet
2025-11-25,50,23,0.9892830402748495,0.4521018928221675,0.46,0.4569995384703668,data\dynamic_candidate1000_top300_2018_2026_bars.parquet
2025-11-26,50,24,0.9894017585090144,0.47039392084999865,0.48,0.47543267111113885,data\dynamic_candidate1000_top300_2018_2026_bars.parquet
2025-11-27,50,21,0.9889748292269603,0.40900516551513355,0.42,0.413564787927753,data\dynamic_candidate1000_top300_2018_2026_bars.parquet
2025-11-28,50,18,0.9894620751301972,0.3510142760290437,0.36,0.3547526326189469,data\dynamic_candidate1000_top300_2018_2026_bars.parquet
2025-12-01,50,17,0.9893751400564335,0.3357846891133263,0.34,0.3393906674208262,data\dynamic_candidate1000_top300_2018_2026_bars.parquet
2025-12-02,50,20,0.9891848688068338,0.3998024253575181,0.4,0.40417361603980495,data\dynamic_candidate1000_top300_2018_2026_bars.parquet
2025-12-03,50,17,0.9893493699708937,0.3385479797481517,0.34,0.3421925459538238,data\dynamic_candidate1000_top300_2018_2026_bars.parquet
2025-12-04,50,22,0.9896159810752968,0.4378351812190338,0.44,0.4424293762346996,data\dynamic_candidate1000_top300_2018_2026_bars.parquet
2025-12-05,50,21,0.9892013693535036,0.41751330638304124,0.42,0.42207109625809425,data\dynamic_candidate1000_top300_2018_2026_bars.parquet
2025-12-08,50,26,0.9895581397865219,0.513568081686862,0.52,0.51898727425723,data\dynamic_candidate1000_top300_2018_2026_bars.parquet
2025-12-09,50,26,0.9892704647556962,0.5138085075572892,0.52,0.5193812267347697,data\dynamic_candidate1000_top300_2018_2026_bars.parquet
2025-12-10,50,24,0.9894701210752369,0.47432978175645196,0.48,0.479377569522774,data\dynamic_candidate1000_top300_2018_2026_bars.parquet
2025-12-11,50,24,0.9892379407546346,0.47639617663591216,0.48,0.48157895791228555,data\dynamic_candidate1000_top300_2018_2026_bars.parquet
2025-12-12,50,22,0.9892635300756517,0.43545168586350913,0.44,0.44017763985518493,data\dynamic_candidate1000_top300_2018_2026_bars.parquet
2025-12-15,50,21,0.9892947398483332,0.41393336464694935,0.42,0.41841258016838206,data\dynamic_candidate1000_top300_2018_2026_bars.parquet
2025-12-16,50,23,0.9895559927302853,0.4563059077582981,0.46,0.46112186789885823,data\dynamic_candidate1000_top300_2018_2026_bars.parquet
2025-12-17,50,24,0.9892886994592488,0.477276463290211,0.48,0.48244406668255,data\dynamic_candidate1000_top300_2018_2026_bars.parquet
2025-12-18,50,22,0.9895082993202389,0.4376208993576541,0.44,0.4422609690674509,data\dynamic_candidate1000_top300_2018_2026_bars.parquet
2025-12-19,50,25,0.9891887041077405,0.49808105285326093,0.5,0.503524808547562,data\dynamic_candidate1000_top300_2018_2026_bars.parquet
2025-12-22,50,21,0.9895265712768423,0.41609773001619954,0.42,0.4205018259179084,data\dynamic_candidate1000_top300_2018_2026_bars.parquet
2025-12-23,50,23,0.9898413034526072,0.45424678167833105,0.46,0.45890869586255856,data\dynamic_candidate1000_top300_2018_2026_bars.parquet
2025-12-24,50,21,0.9891405932564475,0.41306644459743397,0.42,0.41760134748644484,data\dynamic_candidate1000_top300_2018_2026_bars.parquet
2025-12-25,50,21,0.9889851730554763,0.41036798849460676,0.42,0.4149384638667252,data\dynamic_candidate1000_top300_2018_2026_bars.parquet
2025-12-26,50,21,0.9895705242148469,0.4100230046287567,0.42,0.4143443995101617,data\dynamic_candidate1000_top300_2018_2026_bars.parquet
2025-12-29,50,22,0.9896917136659024,0.4304195492816576,0.44,0.43490265032870384,data\dynamic_candidate1000_top300_2018_2026_bars.parquet
2025-12-30,50,20,0.9892889446926393,0.3896178577654196,0.4,0.3938362597253822,data\dynamic_candidate1000_top300_2018_2026_bars.parquet
2025-12-31,50,16,0.9891156152276415,0.3100614332849946,0.32,0.3134733983687388,data\dynamic_candidate1000_top300_2018_2026_bars.parquet
2026-01-05,50,16,0.9889168596197815,0.3126636139661731,0.32,0.31616774547294696,data\dynamic_candidate1000_top300_2018_2026_bars.parquet
2026-01-06,50,20,0.9889178736926123,0.3996649243590286,0.4,0.40414369584269183,data\dynamic_candidate1000_top300_2018_2026_bars.parquet
2026-01-07,50,19,0.989625154440399,0.38442300648261535,0.38,0.3884531478992105,data\dynamic_candidate1000_top300_2018_2026_bars.parquet
2026-01-08,50,20,0.9894109143948439,0.40366164490726,0.4,0.40798179910331056,data\dynamic_candidate1000_top300_2018_2026_bars.parquet
2026-01-09,50,18,0.9890971601003802,0.3559886275688427,0.36,0.3599126980940018,data\dynamic_candidate1000_top300_2018_2026_bars.parquet
2026-01-12,50,18,0.9887830418069231,0.35563712783616147,0.36,0.35967154855959366,data\dynamic_candidate1000_top300_2018_2026_bars.parquet
2026-01-13,50,19,0.9892906462019051,0.3761925339521391,0.38,0.380264925577151,data\dynamic_candidate1000_top300_2018_2026_bars.parquet
2026-01-14,50,19,0.989007805145719,0.37554808231912074,0.38,0.37972206120637036,data\dynamic_candidate1000_top300_2018_2026_bars.parquet
2026-01-15,50,20,0.9888635780372321,0.3933203113788151,0.4,0.3977498212235763,data\dynamic_candidate1000_top300_2018_2026_bars.parquet
2026-01-16,51,18,0.9901189719611149,0.3520353618238326,0.35294117647058826,0.35554854698578403,data\dynamic_candidate1000_top300_2018_2026_bars.parquet
2026-01-19,51,20,0.9902226509809919,0.3931083369514542,0.39215686274509803,0.3969898452252232,data\dynamic_candidate1000_top300_2018_2026_bars.parquet
2026-01-20,51,22,0.9911217817209363,0.433701808818672,0.43137254901960786,0.43758679994461724,data\dynamic_candidate1000_top300_2018_2026_bars.parquet
2026-01-21,50,17,0.989381939315608,0.3326469423817857,0.34,0.336216913977518,data\dynamic_candidate1000_top300_2018_2026_bars.parquet
2026-01-22,50,18,0.9893132068584701,0.3588607826627018,0.36,0.362737280948924,data\dynamic_candidate1000_top300_2018_2026_bars.parquet
2026-01-23,50,20,0.9890034130900942,0.39434016911474123,0.4,0.39872478082016327,data\dynamic_candidate1000_top300_2018_2026_bars.parquet
2026-01-26,50,19,0.9895902773868449,0.37891625898519327,0.38,0.38290216430357016,data\dynamic_candidate1000_top300_2018_2026_bars.parquet
2026-01-27,50,18,0.9896811713087974,0.35958142121172093,0.36,0.3633305670918189,data\dynamic_candidate1000_top300_2018_2026_bars.parquet
2026-01-28,50,19,0.9890791582069658,0.3765620983718106,0.38,0.38071987994818773,data\dynamic_candidate1000_top300_2018_2026_bars.parquet
2026-01-29,50,21,0.9892158414290041,0.4176918655502755,0.42,0.42224542719300273,data\dynamic_candidate1000_top300_2018_2026_bars.parquet
2026-01-30,50,18,0.9895119193172442,0.35963269887006477,0.36,0.3634445344713064,data\dynamic_candidate1000_top300_2018_2026_bars.parquet
2026-02-02,50,16,0.9896456235632577,0.31696846845764814,0.32,0.32028481803050957,data\dynamic_candidate1000_top300_2018_2026_bars.parquet
2026-02-03,50,16,0.9892610156760524,0.3141618025359524,0.32,0.31757220547224024,data\dynamic_candidate1000_top300_2018_2026_bars.parquet
2026-02-04,50,15,0.9890036477631837,0.29524540796436866,0.3,0.29852812841703996,data\dynamic_candidate1000_top300_2018_2026_bars.parquet
2026-02-05,50,14,0.9893336949985975,0.28233379676469306,0.28,0.28537772259449157,data\dynamic_candidate1000_top300_2018_2026_bars.parquet
2026-02-06,50,16,0.9892358617409522,0.3196386524976236,0.32,0.3231167256058558,data\dynamic_candidate1000_top300_2018_2026_bars.parquet
2026-02-09,50,20,0.9892685055279077,0.39745487547667036,0.4,0.4017664296960255,data\dynamic_candidate1000_top300_2018_2026_bars.parquet
2026-02-10,50,22,0.9893182891247843,0.44019097453382894,0.44,0.4449437348653998,data\dynamic_candidate1000_top300_2018_2026_bars.parquet
2026-02-11,50,19,0.9890169456486062,0.38224830285279787,0.38,0.38649317843802566,data\dynamic_candidate1000_top300_2018_2026_bars.parquet
2026-02-12,50,18,0.9893536152819326,0.3560927195022447,0.36,0.3599246154275893,data\dynamic_candidate1000_top300_2018_2026_bars.parquet
2026-02-13,50,20,0.9891957763673791,0.4010016764511247,0.4,0.4053815089301352,data\dynamic_candidate1000_top300_2018_2026_bars.parquet
2026-02-24,50,20,0.9891751747399472,0.40166264828075293,0.4,0.4060581568743367,data\dynamic_candidate1000_top300_2018_2026_bars.parquet
2026-02-25,50,17,0.9891390241310751,0.3362784049111358,0.34,0.3399708197809149,data\dynamic_candidate1000_top300_2018_2026_bars.parquet
2026-02-26,50,18,0.9894519771289119,0.3594077610397854,0.36,0.36323921660420266,data\dynamic_candidate1000_top300_2018_2026_bars.parquet
2026-02-27,50,16,0.9896596438434578,0.315950763124387,0.32,0.319251941907377,data\dynamic_candidate1000_top300_2018_2026_bars.parquet
2026-03-02,50,19,0.9889870715670552,0.3748361070176784,0.38,0.3790101183261664,data\dynamic_candidate1000_top300_2018_2026_bars.parquet
2026-03-03,50,20,0.9892998674357393,0.3945216586357345,0.4,0.3987887511380476,data\dynamic_candidate1000_top300_2018_2026_bars.parquet
2026-03-04,50,23,0.9896114546040174,0.4518129595558493,0.46,0.45655591136688845,data\dynamic_candidate1000_top300_2018_2026_bars.parquet
2026-03-05,50,19,0.9892789047133523,0.37476753089074527,0.38,0.378828992617947,data\dynamic_candidate1000_top300_2018_2026_bars.parquet
2026-03-06,50,19,0.9893938620511058,0.37192211047779566,0.38,0.37590905375819333,data\dynamic_candidate1000_top300_2018_2026_bars.parquet
2026-03-09,50,15,0.9895522528000008,0.29460647787974126,0.3,0.29771694930321624,data\dynamic_candidate1000_top300_2018_2026_bars.parquet
2026-03-10,50,15,0.9895235869197103,0.2935900300866811,0.3,0.2966983647156891,data\dynamic_candidate1000_top300_2018_2026_bars.parquet
2026-03-11,50,17,0.9897145009520648,0.3299313433344382,0.34,0.3333601185160546,data\dynamic_candidate1000_top300_2018_2026_bars.parquet
2026-03-12,50,16,0.9890239277918067,0.31018413342512163,0.32,0.3136265207634254,data\dynamic_candidate1000_top300_2018_2026_bars.parquet
2026-03-13,50,19,0.9895727093792671,0.3733815796638638,0.38,0.37731596286449354,data\dynamic_candidate1000_top300_2018_2026_bars.parquet
2026-03-16,50,19,0.9893324602504324,0.3760557669371326,0.38,0.3801106119998737,data\dynamic_candidate1000_top300_2018_2026_bars.parquet
2026-03-17,50,21,0.9894508685510117,0.4152699835613389,0.42,0.4196974268863653,data\dynamic_candidate1000_top300_2018_2026_bars.parquet
2026-03-18,50,22,0.9891153278358563,0.43591562155485986,0.44,0.44071263409558653,data\dynamic_candidate1000_top300_2018_2026_bars.parquet
2026-03-19,50,18,0.989501074422721,0.359239124136751,0.36,0.36305076712153406,data\dynamic_candidate1000_top300_2018_2026_bars.parquet
2026-03-20,50,19,0.9893437968972479,0.3821108553088104,0.38,0.38622656401867145,data\dynamic_candidate1000_top300_2018_2026_bars.parquet
2026-03-23,50,20,0.989181591384473,0.40036104442363607,0.4,0.40473968370487456,data\dynamic_candidate1000_top300_2018_2026_bars.parquet
2026-03-24,50,21,0.9887356760475347,0.41675967422525606,0.42,0.4215076732046835,data\dynamic_candidate1000_top300_2018_2026_bars.parquet
2026-03-25,50,17,0.9891203971935831,0.33340616866375095,0.34,0.33707339329946023,data\dynamic_candidate1000_top300_2018_2026_bars.parquet
2026-03-26,50,18,0.988968418321092,0.3573413864867332,0.36,0.3613273992038782,data\dynamic_candidate1000_top300_2018_2026_bars.parquet
2026-03-27,50,18,0.9889169651186427,0.3585828320793043,0.36,0.3626015577923514,data\dynamic_candidate1000_top300_2018_2026_bars.parquet
2026-03-30,50,16,0.9893080586354102,0.3166401520000369,0.32,0.32006223868912037,data\dynamic_candidate1000_top300_2018_2026_bars.parquet
2026-03-31,50,22,0.9886529816492167,0.44137640900762937,0.44,0.4464421968073666,data\dynamic_candidate1000_top300_2018_2026_bars.parquet
2026-04-01,50,23,0.9895544463652983,0.4564977667030475,0.46,0.4613164726607972,data\dynamic_candidate1000_top300_2018_2026_bars.parquet
2026-04-02,50,23,0.9894546530096852,0.4592048551551066,0.46,0.4640989395100775,data\dynamic_candidate1000_top300_2018_2026_bars.parquet
2026-04-03,50,23,0.988771790168296,0.4630179641698567,0.46,0.4682758638280404,data\dynamic_candidate1000_top300_2018_2026_bars.parquet
2026-04-07,50,21,0.9894208692300447,0.41862865695479173,0.42,0.42310473730007686,data\dynamic_candidate1000_top300_2018_2026_bars.parquet
2026-04-08,50,24,0.9894837686892842,0.479936246123703,0.48,0.48503700748871165,data\dynamic_candidate1000_top300_2018_2026_bars.parquet
2026-04-09,50,22,0.9891567823652899,0.43920441612667266,0.44,0.4440190108957641,data\dynamic_candidate1000_top300_2018_2026_bars.parquet
2026-04-10,50,23,0.9891416579409857,0.45970763840300005,0.46,0.4647540973655233,data\dynamic_candidate1000_top300_2018_2026_bars.parquet
2026-04-13,50,23,0.9895778248430563,0.4562607462619356,0.46,0.46106605747182844,data\dynamic_candidate1000_top300_2018_2026_bars.parquet
2026-04-14,50,25,0.9896088991450217,0.4951742508460264,0.5,0.5003736842643948,data\dynamic_candidate1000_top300_2018_2026_bars.parquet
2026-04-15,50,28,0.9890245592619067,0.5551964261701949,0.56,0.5613575729449319,data\dynamic_candidate1000_top300_2018_2026_bars.parquet
2026-04-16,50,24,0.9893065242216602,0.47339930817796005,0.48,0.478516310756576,data\dynamic_candidate1000_top300_2018_2026_bars.parquet
2026-04-17,50,23,0.9891130154596691,0.4549281551787452,0.46,0.45993546548098657,data\dynamic_candidate1000_top300_2018_2026_bars.parquet
2026-04-20,50,20,0.989246293158579,0.3895560206418659,0.4,0.393790730716864,data\dynamic_candidate1000_top300_2018_2026_bars.parquet
2026-04-21,50,24,0.9896482462654032,0.47419132664433694,0.48,0.47915138377072275,data\dynamic_candidate1000_top300_2018_2026_bars.parquet
2026-04-22,50,21,0.9893742788751,0.4165800015721497,0.42,0.4210540039971459,data\dynamic_candidate1000_top300_2018_2026_bars.parquet
2026-04-23,50,19,0.9890865916690756,0.37455930247105534,0.38,0.3786921242547526,data\dynamic_candidate1000_top300_2018_2026_bars.parquet
2026-04-24,50,20,0.9894885826729052,0.39826880771397877,0.4,0.4024996495039239,data\dynamic_candidate1000_top300_2018_2026_bars.parquet
2026-04-27,50,19,0.9891980437135225,0.3785079881394105,0.38,0.3826412623284854,data\dynamic_candidate1000_top300_2018_2026_bars.parquet
2026-04-28,50,20,0.9889127765459232,0.39894261579621354,0.4,0.40341537217229734,data\dynamic_candidate1000_top300_2018_2026_bars.parquet
2026-04-29,50,20,0.9894183792231848,0.3999533316513728,0.4,0.40423074813445997,data\dynamic_candidate1000_top300_2018_2026_bars.parquet
2026-04-30,50,18,0.9892549519787991,0.3575055375635926,0.36,0.36138867624415427,data\dynamic_candidate1000_top300_2018_2026_bars.parquet
2026-05-06,50,16,0.9894443679997138,0.3214426527294027,0.32,0.32487188074983886,data\dynamic_candidate1000_top300_2018_2026_bars.parquet
2026-05-07,50,20,0.9893851274482882,0.39840292007524275,0.4,0.4026772881686216,data\dynamic_candidate1000_top300_2018_2026_bars.parquet
2026-05-08,50,22,0.9890449235285672,0.43835758411490544,0.44,0.44321301660494705,data\dynamic_candidate1000_top300_2018_2026_bars.parquet
2026-05-11,50,22,0.9891854673818331,0.43630648061727684,0.44,0.44107651699745326,data\dynamic_candidate1000_top300_2018_2026_bars.parquet
2026-05-12,50,20,0.9889688813206151,0.3919971438914986,0.4,0.3963695433652543,data\dynamic_candidate1000_top300_2018_2026_bars.parquet
2026-05-13,50,19,0.9888942106097393,0.37735269201208427,0.38,0.3815905563643795,data\dynamic_candidate1000_top300_2018_2026_bars.parquet
2026-05-14,50,20,0.9888452591903217,0.4010165738125422,0.4,0.40554027041692986,data\dynamic_candidate1000_top300_2018_2026_bars.parquet
2026-05-15,50,16,0.9892643838394592,0.3190573679476991,0.32,0.32251981690617165,data\dynamic_candidate1000_top300_2018_2026_bars.parquet
2026-05-18,50,18,0.9893195527908549,0.3588188960191111,0.36,0.36269261535050895,data\dynamic_candidate1000_top300_2018_2026_bars.parquet
2026-05-19,50,18,0.9894773381399135,0.3618752466310562,0.36,0.36572363275275593,data\dynamic_candidate1000_top300_2018_2026_bars.parquet
2026-05-20,50,19,0.9897714905963007,0.3787362706965105,0.38,0.38265021198815896,data\dynamic_candidate1000_top300_2018_2026_bars.parquet
2026-05-21,50,21,0.9897508847547376,0.4210797187117457,0.42,0.4254401033610494,data\dynamic_candidate1000_top300_2018_2026_bars.parquet
2026-05-22,50,20,0.9889066621508246,0.3971154229397702,0.4,0.40157017657871086,data\dynamic_candidate1000_top300_2018_2026_bars.parquet
2026-05-25,50,24,0.9890180207027417,0.4834062792273937,0.48,0.4887739850118321,data\dynamic_candidate1000_top300_2018_2026_bars.parquet
2026-05-26,50,22,0.9893249461669099,0.43788965727972445,0.44,0.44261459187530455,data\dynamic_candidate1000_top300_2018_2026_bars.parquet
2026-05-27,50,23,0.9892948066610268,0.45939665882792785,0.46,0.46436780597124483,data\dynamic_candidate1000_top300_2018_2026_bars.parquet
2026-05-28,50,20,0.9891944279688821,0.40089953468232653,0.4,0.4052788039915424,data\dynamic_candidate1000_top300_2018_2026_bars.parquet
2026-05-29,50,18,0.9890026892440188,0.3568536940838615,0.36,0.36082176314064013,data\dynamic_candidate1000_top300_2018_2026_bars.parquet
2026-06-01,50,21,0.9891295266810141,0.41338642343730303,0.42,0.41792951508019904,data\dynamic_candidate1000_top300_2018_2026_bars.parquet
2026-06-02,50,21,0.9886901782054972,0.41778238546711943,0.42,0.4225614805088963,data\dynamic_candidate1000_top300_2018_2026_bars.parquet
2026-06-03,50,25,0.9892376784229852,0.5006080839858479,0.5,0.5060544042195231,data\dynamic_candidate1000_top300_2018_2026_bars.parquet
2026-06-04,50,21,0.9890599367378707,0.42104084308178924,0.42,0.4256980062001815,data\dynamic_candidate1000_top300_2018_2026_bars.parquet
2026-06-05,50,21,0.9888952479186646,0.42001636496854894,0.42,0.4247329187318481,data\dynamic_candidate1000_top300_2018_2026_bars.parquet
2026-06-08,50,22,0.9892009397990688,0.4397296494772374,0.44,0.4445301574082182,data\dynamic_candidate1000_top300_2018_2026_bars.parquet
2026-06-09,50,22,0.989577637314398,0.43928907743959605,0.44,0.4439157281603261,data\dynamic_candidate1000_top300_2018_2026_bars.parquet
2026-06-10,50,22,0.989301560170408,0.44603355171195497,0.44,0.45085701839500314,data\dynamic_candidate1000_top300_2018_2026_bars.parquet
2026-06-11,50,21,0.9891845412120134,0.4270536853582914,0.42,0.43172296731915905,data\dynamic_candidate1000_top300_2018_2026_bars.parquet
2026-06-12,50,18,0.9892310332859094,0.3610928386178488,0.36,0.36502376741903636,data\dynamic_candidate1000_top300_2018_2026_bars.parquet
2026-06-15,50,20,0.9892122227378348,0.40243898556136154,0.4,0.40682775274200955,data\dynamic_candidate1000_top300_2018_2026_bars.parquet
2026-06-16,50,23,0.988969703196656,0.467828514213478,0.46,0.47304635592102723,data\dynamic_candidate1000_top300_2018_2026_bars.parquet
2026-06-17,50,25,0.9892977236100676,0.5097544265976373,0.5,0.5152689776111901,data\dynamic_candidate1000_top300_2018_2026_bars.parquet
2026-06-18,50,22,0.9887019112690274,0.45223810369070705,0.44,0.45740591631935495,data\dynamic_candidate1000_top300_2018_2026_bars.parquet
2026-06-22,50,19,0.9891116654149827,0.3890193282087714,0.38,0.3933017290272863,data\dynamic_candidate1000_top300_2018_2026_bars.parquet
2026-06-23,50,19,0.9887201289962777,0.3806403567985264,0.38,0.3849829144117278,data\dynamic_candidate1000_top300_2018_2026_bars.parquet
2026-06-24,50,20,0.988840107134753,0.39766164947915345,0.4,0.4021495958850328,data\dynamic_candidate1000_top300_2018_2026_bars.parquet
2025-01-03,50,19,0.9497798217155377,0.3607935971261001,0.38,0.3798707751807334,data\dynamic_candidate2000_top500_2018_2026_bars.parquet
2025-01-06,50,19,0.987992445167345,0.3771384137752033,0.38,0.3817219611545957,data\dynamic_candidate2000_top500_2018_2026_bars.parquet
2025-01-07,50,22,0.9895892604133644,0.4348993540529087,0.44,0.43947460977016417,data\dynamic_candidate2000_top500_2018_2026_bars.parquet
2025-01-08,50,18,0.9888252537831966,0.35654370935174134,0.36,0.3605730213580435,data\dynamic_candidate2000_top500_2018_2026_bars.parquet
2025-01-09,50,19,0.9893186481419576,0.3768397632700672,0.38,0.38090837969931235,data\dynamic_candidate2000_top500_2018_2026_bars.parquet
2025-01-10,50,17,0.9890147638672825,0.3379629173980638,0.34,0.34171675666048557,data\dynamic_candidate2000_top500_2018_2026_bars.parquet
2025-01-13,50,19,0.9895868887503785,0.37334392513036013,0.38,0.377272505703676,data\dynamic_candidate2000_top500_2018_2026_bars.parquet
2025-01-14,50,16,0.9893754165200234,0.31293861924361643,0.32,0.31629916613890624,data\dynamic_candidate2000_top500_2018_2026_bars.parquet
2025-01-15,50,15,0.9895496290016176,0.2943722454954276,0.3,0.29748103265161896,data\dynamic_candidate2000_top500_2018_2026_bars.parquet
2025-01-16,50,14,0.9896812970824009,0.2767836528351883,0.28,0.27966947910519446,data\dynamic_candidate2000_top500_2018_2026_bars.parquet
2025-01-17,50,14,0.9893085145188515,0.27041545003203804,0.28,0.27333783755369184,data\dynamic_candidate2000_top500_2018_2026_bars.parquet
2025-01-20,50,16,0.9892962186978091,0.31600879881460453,0.32,0.3194278850378713,data\dynamic_candidate2000_top500_2018_2026_bars.parquet
2025-01-21,50,16,0.9893741647070664,0.3187168506954493,0.32,0.3221398557438731,data\dynamic_candidate2000_top500_2018_2026_bars.parquet
2025-01-22,50,17,0.9892512309527729,0.342879905200742,0.34,0.3466054875367764,data\dynamic_candidate2000_top500_2018_2026_bars.parquet
2025-01-23,50,13,0.9892602701973179,0.2603547884528008,0.26,0.26318128433568894,data\dynamic_candidate2000_top500_2018_2026_bars.parquet
2025-01-24,50,12,0.9892387175876044,0.23904651807569371,0.24,0.24164694913947743,data\dynamic_candidate2000_top500_2018_2026_bars.parquet
2025-01-27,50,15,0.9890780407972896,0.2966737320349444,0.3,0.2999497711988405,data\dynamic_candidate2000_top500_2018_2026_bars.parquet
2025-02-05,50,13,0.9897569336144731,0.2610558721347505,0.26,0.2637575583142478,data\dynamic_candidate2000_top500_2018_2026_bars.parquet
2025-02-06,50,15,0.9897951892826649,0.29479720173488083,0.3,0.29783656753123794,data\dynamic_candidate2000_top500_2018_2026_bars.parquet
2025-02-07,50,20,0.989634971926437,0.3915036434241301,0.4,0.3956040909326635,data\dynamic_candidate2000_top500_2018_2026_bars.parquet
2025-02-10,50,22,0.988726743444565,0.4374463646934491,0.44,0.4424340371025631,data\dynamic_candidate2000_top500_2018_2026_bars.parquet
2025-02-11,50,24,0.989328379594099,0.4813824600720882,0.48,0.48657500381176716,data\dynamic_candidate2000_top500_2018_2026_bars.parquet
2025-02-12,50,20,0.9893558009286346,0.39980999907018944,0.4,0.4041114417026893,data\dynamic_candidate2000_top500_2018_2026_bars.parquet
2025-02-13,50,25,0.9892233011507271,0.5061853625054733,0.5,0.5116997971202725,data\dynamic_candidate2000_top500_2018_2026_bars.parquet
2025-02-14,50,25,0.9888385935046325,0.5051680141430774,0.5,0.5108700423520746,data\dynamic_candidate2000_top500_2018_2026_bars.parquet
2025-02-17,50,23,0.9886196210112911,0.45794343237410434,0.46,0.4632149945655126,data\dynamic_candidate2000_top500_2018_2026_bars.parquet
2025-02-18,50,24,0.9890419916887081,0.48090365711256977,0.48,0.48623178909872794,data\dynamic_candidate2000_top500_2018_2026_bars.parquet
2025-02-19,50,23,0.9887403210175894,0.4580709045223008,0.46,0.46328737160315714,data\dynamic_candidate2000_top500_2018_2026_bars.parquet
2025-02-20,50,18,0.9894440816638294,0.35240154603779344,0.36,0.3561611540949359,data\dynamic_candidate2000_top500_2018_2026_bars.parquet
2025-02-21,50,19,0.9891584528392976,0.3744288836838545,0.38,0.3785327645020748,data\dynamic_candidate2000_top500_2018_2026_bars.parquet
2025-02-24,50,21,0.9897319976097448,0.41168606726583207,0.42,0.41595711592640805,data\dynamic_candidate2000_top500_2018_2026_bars.parquet
2025-02-25,50,19,0.9895200651675382,0.36898158107483464,0.38,0.3728894380856859,data\dynamic_candidate2000_top500_2018_2026_bars.parquet
2025-02-26,50,19,0.9891743092229636,0.3692419428425753,0.38,0.37328298905440616,data\dynamic_candidate2000_top500_2018_2026_bars.parquet
2025-02-27,50,25,0.9894131378065311,0.4876151471358317,0.5,0.49283269900462906,data\dynamic_candidate2000_top500_2018_2026_bars.parquet
2025-02-28,50,26,0.988979055111758,0.5112073356956823,0.52,0.5169041073755745,data\dynamic_candidate2000_top500_2018_2026_bars.parquet
2025-03-03,50,26,0.9894314912077748,0.5083740384041137,0.52,0.5138041824235389,data\dynamic_candidate2000_top500_2018_2026_bars.parquet
2025-03-04,50,27,0.9897706519034399,0.5293818195300255,0.54,0.5348530172237022,data\dynamic_candidate2000_top500_2018_2026_bars.parquet
2025-03-05,50,23,0.9896737835237189,0.44627033842417696,0.46,0.45092670519697714,data\dynamic_candidate2000_top500_2018_2026_bars.parquet
2025-03-06,50,22,0.9893421872676537,0.4278550216589026,0.44,0.4324641435139286,data\dynamic_candidate2000_top500_2018_2026_bars.parquet
2025-03-07,50,24,0.9894766710217394,0.468319387557691,0.48,0.4733000800050209,data\dynamic_candidate2000_top500_2018_2026_bars.parquet
2025-03-10,50,25,0.9892964567011214,0.4876158342068778,0.5,0.4928915199321213,data\dynamic_candidate2000_top500_2018_2026_bars.parquet
2025-03-11,50,22,0.9891668162530427,0.42690420128206524,0.44,0.43157958219744524,data\dynamic_candidate2000_top500_2018_2026_bars.parquet
2025-03-12,50,27,0.9888682561702031,0.5303587471867351,0.54,0.5363290244959085,data\dynamic_candidate2000_top500_2018_2026_bars.parquet
2025-03-13,50,25,0.9889399437066397,0.4908432881764183,0.5,0.49633275640246827,data\dynamic_candidate2000_top500_2018_2026_bars.parquet
2025-03-14,50,25,0.9893732479220002,0.492632508718463,0.5,0.49792382172567184,data\dynamic_candidate2000_top500_2018_2026_bars.parquet
2025-03-17,50,26,0.9894244481866609,0.5152748559493332,0.52,0.5207824173878949,data\dynamic_candidate2000_top500_2018_2026_bars.parquet
2025-03-18,50,21,0.9895091244793914,0.41704429142905003,0.42,0.42146583706185503,data\dynamic_candidate2000_top500_2018_2026_bars.parquet
2025-03-19,50,17,0.9893559349196988,0.3363806748258076,0.34,0.33999965326241255,data\dynamic_candidate2000_top500_2018_2026_bars.parquet
2025-03-20,50,16,0.989329134497314,0.3139624874420942,0.32,0.3173488746003837,data\dynamic_candidate2000_top500_2018_2026_bars.parquet
2025-03-21,50,16,0.9890956127444241,0.31681694732947696,0.32,0.3203097286524315,data\dynamic_candidate2000_top500_2018_2026_bars.parquet
2025-03-24,50,15,0.9896774218047909,0.3004598432244342,0.3,0.30359371306714367,data\dynamic_candidate2000_top500_2018_2026_bars.parquet
2025-03-25,50,16,0.9896184699446381,0.32076332383564987,0.32,0.3241282712251664,data\dynamic_candidate2000_top500_2018_2026_bars.parquet
2025-03-26,50,17,0.9895497080998457,0.3379927248921083,0.34,0.34156214905174304,data\dynamic_candidate2000_top500_2018_2026_bars.parquet
2025-03-27,50,17,0.989812438096262,0.3382109919539034,0.34,0.3416920003595787,data\dynamic_candidate2000_top500_2018_2026_bars.parquet
2025-03-28,50,20,0.9894119029006765,0.39957556315566556,0.4,0.40385158292943796,data\dynamic_candidate2000_top500_2018_2026_bars.parquet
2025-03-31,50,18,0.9895973889052003,0.3625866293797628,0.36,0.36639812659661053,data\dynamic_candidate2000_top500_2018_2026_bars.parquet
2025-04-01,50,18,0.9891675310552145,0.36355447973124566,0.36,0.36753579986942814,data\dynamic_candidate2000_top500_2018_2026_bars.parquet
2025-04-02,50,15,0.9893658318857129,0.3051015802405781,0.3,0.30838095516100467,data\dynamic_candidate2000_top500_2018_2026_bars.parquet
2025-04-03,50,18,0.9895046462059148,0.3626312515732387,0.36,0.3664775632572174,data\dynamic_candidate2000_top500_2018_2026_bars.parquet
2025-04-07,50,20,0.9889226113699551,0.4118553618588655,0.4,0.41646874803309636,data\dynamic_candidate2000_top500_2018_2026_bars.parquet
2025-04-08,50,15,0.9892240088345349,0.3023760887189165,0.3,0.30566998578528665,data\dynamic_candidate2000_top500_2018_2026_bars.parquet
2025-04-09,51,14,0.9903314189877783,0.2734761242555236,0.27450980392156865,0.2761460648547782,data\dynamic_candidate2000_top500_2018_2026_bars.parquet
2025-04-10,51,12,0.9904725750918549,0.22957116763148877,0.23529411764705882,0.23177942873400476,data\dynamic_candidate2000_top500_2018_2026_bars.parquet
2025-04-11,51,13,0.990958259538939,0.24994924805891458,0.2549019607843137,0.2522298448526055,data\dynamic_candidate2000_top500_2018_2026_bars.parquet
2025-04-14,51,15,0.9906763685687789,0.2851155411153589,0.29411764705882354,0.2877988717216125,data\dynamic_candidate2000_top500_2018_2026_bars.parquet
2025-04-15,51,16,0.9903123898725152,0.3065662141188848,0.3137254901960784,0.3095651607048455,data\dynamic_candidate2000_top500_2018_2026_bars.parquet
2025-04-16,51,16,0.9902984149791876,0.3085223249174174,0.3137254901960784,0.3115448033145659,data\dynamic_candidate2000_top500_2018_2026_bars.parquet
2025-04-17,51,16,0.9903762447873498,0.3094385288363207,0.3137254901960784,0.31244542714447104,data\dynamic_candidate2000_top500_2018_2026_bars.parquet
2025-04-18,51,19,0.9908421829490964,0.3673341012746471,0.37254901960784315,0.37072917119992915,data\dynamic_candidate2000_top500_2018_2026_bars.parquet
2025-04-21,51,19,0.9905746936173812,0.36651919617263634,0.37254901960784315,0.37000662194809497,data\dynamic_candidate2000_top500_2018_2026_bars.parquet
2025-04-22,50,19,0.989697428282375,0.37535264514639627,0.38,0.3792599984803666,data\dynamic_candidate2000_top500_2018_2026_bars.parquet
2025-04-23,50,17,0.9894281308791426,0.33432853684547054,0.34,0.3379007796639131,data\dynamic_candidate2000_top500_2018_2026_bars.parquet
2025-04-24,50,22,0.9892112218190686,0.4349523040903723,0.44,0.43969608764701934,data\dynamic_candidate2000_top500_2018_2026_bars.parquet
2025-04-25,50,20,0.9892864979075976,0.3985883792314131,0.4,0.4029049017392356,data\dynamic_candidate2000_top500_2018_2026_bars.parquet
2025-04-28,50,18,0.989475021568407,0.36379661881178577,0.36,0.3676662986753676,data\dynamic_candidate2000_top500_2018_2026_bars.parquet
2025-04-29,50,19,0.98914017579547,0.3845738169133654,0.38,0.38879607392763094,data\dynamic_candidate2000_top500_2018_2026_bars.parquet
2025-04-30,50,20,0.9894770154745911,0.4073233290457683,0.4,0.4116551700297964,data\dynamic_candidate2000_top500_2018_2026_bars.parquet
2025-05-06,50,22,0.9895991928999212,0.4431570565385656,0.44,0.447814690753676,data\dynamic_candidate2000_top500_2018_2026_bars.parquet
2025-05-07,50,22,0.9896780344821412,0.4414448462653995,0.44,0.4460489481272461,data\dynamic_candidate2000_top500_2018_2026_bars.parquet
2025-05-08,50,24,0.9897978803769542,0.476675028374551,0.48,0.4815882493029934,data\dynamic_candidate2000_top500_2018_2026_bars.parquet
2025-05-09,50,24,0.989453560063911,0.4748051428283712,0.48,0.4798660209961774,data\dynamic_candidate2000_top500_2018_2026_bars.parquet
2025-05-12,50,25,0.9893388351174882,0.4940728809099878,0.5,0.49939703504241245,data\dynamic_candidate2000_top500_2018_2026_bars.parquet
2025-05-13,50,26,0.9893509384756449,0.5153394562466902,0.52,0.5208864076489441,data\dynamic_candidate2000_top500_2018_2026_bars.parquet
2025-05-14,50,23,0.9893732550514394,0.4507240945504866,0.46,0.45556527048737805,data\dynamic_candidate2000_top500_2018_2026_bars.parquet
2025-05-15,50,25,0.9894964937657404,0.49444939489241024,0.5,0.4996979756953735,data\dynamic_candidate2000_top500_2018_2026_bars.parquet
2025-05-16,50,25,0.9894489469161101,0.49509527326167646,0.5,0.500374753851401,data\dynamic_candidate2000_top500_2018_2026_bars.parquet
2025-05-19,50,23,0.989432285832975,0.45737165214113545,0.46,0.4622566482718797,data\dynamic_candidate2000_top500_2018_2026_bars.parquet
2025-05-20,51,24,0.9908616659946688,0.4707039489837409,0.47058823529411764,0.47504506949638464,data\dynamic_candidate2000_top500_2018_2026_bars.parquet
2025-05-21,51,24,0.9907678736267234,0.4745409966310014,0.47058823529411764,0.47896284211753426,data\dynamic_candidate2000_top500_2018_2026_bars.parquet
2025-05-22,51,24,0.9907530952811361,0.4779024743980089,0.47058823529411764,0.48236283759719095,data\dynamic_candidate2000_top500_2018_2026_bars.parquet
2025-05-23,51,23,0.9907480033126022,0.4578441406783744,0.45098039215686275,0.46211967033751855,data\dynamic_candidate2000_top500_2018_2026_bars.parquet
2025-05-26,51,22,0.9903451882035796,0.43110795920930045,0.43137254901960786,0.4353108030860448,data\dynamic_candidate2000_top500_2018_2026_bars.parquet
2025-05-27,51,24,0.9907847520805977,0.4676062774054702,0.47058823529411764,0.47195546401326904,data\dynamic_candidate2000_top500_2018_2026_bars.parquet
2025-05-28,51,25,0.9907067834463742,0.4896901736661955,0.49019607843137253,0.49428365874583907,data\dynamic_candidate2000_top500_2018_2026_bars.parquet
2025-05-29,51,26,0.9903118781793276,0.5089532441406455,0.5098039215686274,0.5139322827030488,data\dynamic_candidate2000_top500_2018_2026_bars.parquet
2025-05-30,50,24,0.989756018651103,0.47377574360598484,0.48,0.4786793256904605,data\dynamic_candidate2000_top500_2018_2026_bars.parquet
2025-06-03,50,25,0.9891680952193755,0.49237629724376913,0.5,0.49776807362005643,data\dynamic_candidate2000_top500_2018_2026_bars.parquet
2025-06-04,50,24,0.989580226291876,0.46690288522283063,0.48,0.4718191338284865,data\dynamic_candidate2000_top500_2018_2026_bars.parquet
2025-06-05,50,24,0.9894371705982121,0.4672041112182015,0.48,0.4721917925680219,data\dynamic_candidate2000_top500_2018_2026_bars.parquet
2025-06-06,50,27,0.9896511743977493,0.5270665725548731,0.54,0.532578130749573,data\dynamic_candidate2000_top500_2018_2026_bars.parquet
2025-06-09,50,25,0.9894614421232866,0.4891376077208219,0.5,0.4943473155165914,data\dynamic_candidate2000_top500_2018_2026_bars.parquet
2025-06-10,50,25,0.9893406178920562,0.4919996816095387,0.5,0.49730059871373766,data\dynamic_candidate2000_top500_2018_2026_bars.parquet
2025-06-11,50,23,0.9894172128078214,0.45277103223117005,0.46,0.45761386235263896,data\dynamic_candidate2000_top500_2018_2026_bars.parquet
2025-06-12,50,22,0.9896070949619366,0.4318513438953313,0.44,0.43638666910723967,data\dynamic_candidate2000_top500_2018_2026_bars.parquet
2025-06-13,50,22,0.9894135211383372,0.43351516585058214,0.44,0.4381536704206503,data\dynamic_candidate2000_top500_2018_2026_bars.parquet
2025-06-16,50,23,0.9895478793754297,0.4541468176032543,0.46,0.4589437530702375,data\dynamic_candidate2000_top500_2018_2026_bars.parquet
2025-06-17,50,22,0.9894427059782874,0.43164013164196074,0.44,0.4362457058240548,data\dynamic_candidate2000_top500_2018_2026_bars.parquet
2025-06-18,50,22,0.9892889872769633,0.43641015327279215,0.44,0.4411351575579744,data\dynamic_candidate2000_top500_2018_2026_bars.parquet
2025-06-19,50,22,0.9897213944500565,0.4394246098452865,0.44,0.4439881893120588,data\dynamic_candidate2000_top500_2018_2026_bars.parquet
2025-06-20,50,24,0.9894579324540823,0.4808390809858868,0.48,0.48596212654872123,data\dynamic_candidate2000_top500_2018_2026_bars.parquet
2025-06-23,50,25,0.9899132362307772,0.4999003383963029,0.5,0.5049940945327068,data\dynamic_candidate2000_top500_2018_2026_bars.parquet
2025-06-24,50,24,0.9895260359797672,0.48055101843006587,0.48,0.48563756885310666,data\dynamic_candidate2000_top500_2018_2026_bars.parquet
2025-06-25,50,25,0.9898112343150652,0.5003827952256531,0.5,0.5055335581959833,data\dynamic_candidate2000_top500_2018_2026_bars.parquet
2025-06-26,50,28,0.9896432024405744,0.5576026735081492,0.56,0.5634380877199344,data\dynamic_candidate2000_top500_2018_2026_bars.parquet
2025-06-27,50,28,0.9896106507393215,0.5566475772661887,0.56,0.5624914978939713,data\dynamic_candidate2000_top500_2018_2026_bars.parquet
2025-06-30,50,29,0.9894486913646182,0.5746779051662416,0.58,0.5808061703266927,data\dynamic_candidate2000_top500_2018_2026_bars.parquet
2025-07-01,50,29,0.9896886251830513,0.5756079579959805,0.58,0.5816051062418919,data\dynamic_candidate2000_top500_2018_2026_bars.parquet
2025-07-02,50,31,0.9893049587115631,0.6188361652754568,0.62,0.6255261937445536,data\dynamic_candidate2000_top500_2018_2026_bars.parquet
2025-07-03,50,28,0.9890730169359679,0.5558374887176212,0.56,0.5619782151569966,data\dynamic_candidate2000_top500_2018_2026_bars.parquet
2025-07-04,50,26,0.9893735202180581,0.5141830330070395,0.52,0.5197056748534299,data\dynamic_candidate2000_top500_2018_2026_bars.parquet
2025-07-07,50,26,0.9894784107053398,0.5132883671981122,0.52,0.518746403807052,data\dynamic_candidate2000_top500_2018_2026_bars.parquet
2025-07-08,50,28,0.9894498543109468,0.550493434791684,0.56,0.5563631470490719,data\dynamic_candidate2000_top500_2018_2026_bars.parquet
2025-07-09,50,29,0.9895383314441989,0.569539183608066,0.58,0.5755605068646933,data\dynamic_candidate2000_top500_2018_2026_bars.parquet
2025-07-10,50,25,0.9894355082150115,0.4920956807717526,0.5,0.4973499300217318,data\dynamic_candidate2000_top500_2018_2026_bars.parquet
2025-07-11,50,29,0.9897006841360036,0.5731114147853579,0.58,0.5790754962301324,data\dynamic_candidate2000_top500_2018_2026_bars.parquet
2025-07-14,49,29,0.9692026089086367,0.5722725437140159,0.5918367346938775,0.5904570813716846,data\dynamic_candidate2000_top500_2018_2026_bars.parquet
2025-07-15,50,27,0.9885753786813696,0.5308034910479812,0.54,0.5369378021087312,data\dynamic_candidate2000_top500_2018_2026_bars.parquet
2025-07-16,50,24,0.9892465892250368,0.4715629261203249,0.48,0.476688958300823,data\dynamic_candidate2000_top500_2018_2026_bars.parquet
2025-07-17,50,25,0.9893585152582004,0.4978681040074222,0.5,0.5032231454312492,data\dynamic_candidate2000_top500_2018_2026_bars.parquet
2025-07-18,50,26,0.9894625783031802,0.5132234952100578,0.52,0.5186891414227912,data\dynamic_candidate2000_top500_2018_2026_bars.parquet
2025-07-21,50,27,0.9891333845390694,0.5296295846792445,0.54,0.535448093207418,data\dynamic_candidate2000_top500_2018_2026_bars.parquet
2025-07-22,50,25,0.9894602678289423,0.49217878028090367,0.5,0.4974214693439226,data\dynamic_candidate2000_top500_2018_2026_bars.parquet
2025-07-23,50,26,0.9893373100408008,0.5159121111704377,0.52,0.5214724097983944,data\dynamic_candidate2000_top500_2018_2026_bars.parquet
2025-07-24,50,24,0.9895145831596435,0.4783535317669319,0.48,0.48342241732253144,data\dynamic_candidate2000_top500_2018_2026_bars.parquet
2025-07-25,50,21,0.9890487235394384,0.4143506024581243,0.42,0.4189385139443052,data\dynamic_candidate2000_top500_2018_2026_bars.parquet
2025-07-28,50,19,0.9896575909936909,0.3771445516208742,0.38,0.38108589784290203,data\dynamic_candidate2000_top500_2018_2026_bars.parquet
2025-07-29,50,21,0.9897500619696575,0.41819334902440586,0.42,0.42252419584816986,data\dynamic_candidate2000_top500_2018_2026_bars.parquet
2025-07-30,50,25,0.9896344923836911,0.49288471081281554,0.5,0.49804722309711014,data\dynamic_candidate2000_top500_2018_2026_bars.parquet
2025-07-31,50,23,0.9896760550718195,0.45694761959701274,0.46,0.46171433294286646,data\dynamic_candidate2000_top500_2018_2026_bars.parquet
2025-08-01,50,18,0.9896795016277348,0.3547173182757751,0.36,0.3584163536704239,data\dynamic_candidate2000_top500_2018_2026_bars.parquet
2025-08-04,50,18,0.9887785612675322,0.35858525094682403,0.36,0.36265475910718314,data\dynamic_candidate2000_top500_2018_2026_bars.parquet
2025-08-05,50,18,0.9889970880196151,0.35776567773931744,0.36,0.3617459364371979,data\dynamic_candidate2000_top500_2018_2026_bars.parquet
2025-08-06,50,19,0.9894271634402731,0.37815140209143705,0.38,0.38219225837361415,data\dynamic_candidate2000_top500_2018_2026_bars.parquet
2025-08-07,50,23,0.9895477300850387,0.4534723006270684,0.46,0.4582621806308407,data\dynamic_candidate2000_top500_2018_2026_bars.parquet
2025-08-08,50,24,0.9895906821442704,0.4754210685965295,0.48,0.48042193320411525,data\dynamic_candidate2000_top500_2018_2026_bars.parquet
2025-08-11,50,27,0.9891156940186226,0.5364060163469956,0.54,0.5423086698459527,data\dynamic_candidate2000_top500_2018_2026_bars.parquet
2025-08-12,50,28,0.9898472114716196,0.5567015174591387,0.56,0.5624115631254674,data\dynamic_candidate2000_top500_2018_2026_bars.parquet
2025-08-13,50,33,0.9901330402322268,0.6480515822985073,0.66,0.654509602211146,data\dynamic_candidate2000_top500_2018_2026_bars.parquet
2025-08-14,50,34,0.9897812169846543,0.6691978619057974,0.68,0.6761068511125048,data\dynamic_candidate2000_top500_2018_2026_bars.parquet
2025-08-15,50,36,0.989430029174212,0.7063648799979337,0.72,0.7139108973551902,data\dynamic_candidate2000_top500_2018_2026_bars.parquet
2025-08-18,50,32,0.9887293326073987,0.622577177226773,0.64,0.6296740237138123,data\dynamic_candidate2000_top500_2018_2026_bars.parquet
2025-08-19,50,31,0.9896174040135052,0.6041525599049368,0.62,0.6104910417447468,data\dynamic_candidate2000_top500_2018_2026_bars.parquet
2025-08-20,50,31,0.9894531698348406,0.6031248613289725,0.62,0.6095537208998442,data\dynamic_candidate2000_top500_2018_2026_bars.parquet
2025-08-21,50,28,0.989026348638407,0.5401018520612482,0.56,0.5460945027448527,data\dynamic_candidate2000_top500_2018_2026_bars.parquet
2025-08-22,50,30,0.9891330941352457,0.5812439277222041,0.6,0.5876296437441104,data\dynamic_candidate2000_top500_2018_2026_bars.parquet
2025-08-25,50,33,0.989225870010841,0.6478057565759026,0.66,0.6548613175359064,data\dynamic_candidate2000_top500_2018_2026_bars.parquet
2025-08-26,50,30,0.9895152604938726,0.5898919361101247,0.6,0.5961423331821142,data\dynamic_candidate2000_top500_2018_2026_bars.parquet
2025-08-27,50,29,0.9897998971021846,0.5764859849041198,0.58,0.5824267981759598,data\dynamic_candidate2000_top500_2018_2026_bars.parquet
2025-08-28,50,26,0.9893412091298383,0.5155551053866408,0.52,0.5211095025952577,data\dynamic_candidate2000_top500_2018_2026_bars.parquet
2025-08-29,50,26,0.9895807174338838,0.5132235060899019,0.52,0.5186272297430771,data\dynamic_candidate2000_top500_2018_2026_bars.parquet
2025-09-01,51,24,0.9909720237558978,0.4680596487710607,0.47058823529411764,0.47232377660578234,data\dynamic_candidate2000_top500_2018_2026_bars.parquet
2025-09-02,51,23,0.9909066807553512,0.45030152384085137,0.45098039215686275,0.4544338357852167,data\dynamic_candidate2000_top500_2018_2026_bars.parquet
2025-09-03,50,20,0.9895816679790914,0.3975283496649013,0.4,0.4017135346461375,data\dynamic_candidate2000_top500_2018_2026_bars.parquet
2025-09-04,50,18,0.9891912232311405,0.35147692785542795,0.36,0.3553174751261412,data\dynamic_candidate2000_top500_2018_2026_bars.parquet
2025-09-05,50,19,0.9893484857730381,0.3679345898260271,0.38,0.3718958436961042,data\dynamic_candidate2000_top500_2018_2026_bars.parquet
2025-09-08,50,19,0.989479587635076,0.3681911311597763,0.38,0.37210583801913316,data\dynamic_candidate2000_top500_2018_2026_bars.parquet
2025-09-09,50,18,0.9893148077602082,0.34706659317486105,0.36,0.3508151201745518,data\dynamic_candidate2000_top500_2018_2026_bars.parquet
2025-09-10,50,19,0.9888997379756772,0.3708599581261104,0.38,0.37502280957751855,data\dynamic_candidate2000_top500_2018_2026_bars.parquet
2025-09-11,50,19,0.989555420765791,0.37503636898714837,0.38,0.37899481031281457,data\dynamic_candidate2000_top500_2018_2026_bars.parquet
2025-09-12,50,20,0.989543897583698,0.3975141762336668,0.4,0.4017145446546944,data\dynamic_candidate2000_top500_2018_2026_bars.parquet
2025-09-15,50,22,0.989418751511391,0.434158866699782,0.44,0.4388019390541979,data\dynamic_candidate2000_top500_2018_2026_bars.parquet
2025-09-16,50,22,0.9893849147334663,0.43372666602868803,0.44,0.4383801082569882,data\dynamic_candidate2000_top500_2018_2026_bars.parquet
2025-09-17,50,22,0.9894397861347438,0.429017565251672,0.44,0.43359643635074885,data\dynamic_candidate2000_top500_2018_2026_bars.parquet
2025-09-18,50,19,0.9890853958185096,0.3686752164580229,0.38,0.3727435649304363,data\dynamic_candidate2000_top500_2018_2026_bars.parquet
2025-09-19,50,22,0.9891126038881478,0.433681806331443,0.44,0.43845544443237644,data\dynamic_candidate2000_top500_2018_2026_bars.parquet
2025-09-22,50,22,0.9896426616670663,0.4321451818063765,0.44,0.4366678989751939,data\dynamic_candidate2000_top500_2018_2026_bars.parquet
2025-09-23,50,20,0.9896468723532043,0.3931728547376185,0.4,0.39728600748540066,data\dynamic_candidate2000_top500_2018_2026_bars.parquet
2025-09-24,50,23,0.9895727216706118,0.45194470963083644,0.46,0.4567069197985333,data\dynamic_candidate2000_top500_2018_2026_bars.parquet
2025-09-25,50,25,0.9895931615771532,0.4828338312489159,0.5,0.487911446840846,data\dynamic_candidate2000_top500_2018_2026_bars.parquet
2025-09-26,49,26,0.9689706381081895,0.5054196672922855,0.5306122448979592,0.5216047291990836,data\dynamic_candidate2000_top500_2018_2026_bars.parquet
2025-09-29,50,27,0.9884371542670126,0.5311452155457778,0.54,0.5373586102595008,data\dynamic_candidate2000_top500_2018_2026_bars.parquet
2025-09-30,50,25,0.9896192906075498,0.4944682659124983,0.5,0.49965503967584646,data\dynamic_candidate2000_top500_2018_2026_bars.parquet
2025-10-09,50,25,0.9901181157003308,0.49527024384194296,0.5,0.5002132937357965,data\dynamic_candidate2000_top500_2018_2026_bars.parquet
2025-10-10,50,25,0.9896857952580915,0.49741748435176963,0.5,0.5026014182835195,data\dynamic_candidate2000_top500_2018_2026_bars.parquet
2025-10-13,50,26,0.9892744214414453,0.5149603165663719,0.52,0.5205434461916412,data\dynamic_candidate2000_top500_2018_2026_bars.parquet
2025-10-14,50,26,0.9892804969836961,0.516385014720243,0.52,0.5219803850320455,data\dynamic_candidate2000_top500_2018_2026_bars.parquet
2025-10-15,50,22,0.9889448621562806,0.4314747619489672,0.44,0.4362980975584282,data\dynamic_candidate2000_top500_2018_2026_bars.parquet
2025-10-16,50,26,0.9891891285862584,0.5110002225629287,0.52,0.5165849560975728,data\dynamic_candidate2000_top500_2018_2026_bars.parquet
2025-10-17,50,25,0.9894449370644536,0.494282910117818,0.5,0.4995557525255393,data\dynamic_candidate2000_top500_2018_2026_bars.parquet
2025-10-20,50,24,0.9892439627951721,0.473421038433627,0.48,0.4785685394490006,data\dynamic_candidate2000_top500_2018_2026_bars.parquet
2025-10-21,50,24,0.9894591252396499,0.4759548381894282,0.48,0.48102526526717365,data\dynamic_candidate2000_top500_2018_2026_bars.parquet
2025-10-22,50,25,0.9895811025437316,0.49567967107544064,0.5,0.5008984809848221,data\dynamic_candidate2000_top500_2018_2026_bars.parquet
2025-10-23,50,23,0.9889540737109901,0.45021921623530214,0.46,0.45524785043443106,data\dynamic_candidate2000_top500_2018_2026_bars.parquet
2025-10-24,50,24,0.9893528349227284,0.4698302503756941,0.48,0.4748864447458619,data\dynamic_candidate2000_top500_2018_2026_bars.parquet
2025-10-27,50,22,0.9895391938607592,0.42942339998888535,0.44,0.4339630028331255,data\dynamic_candidate2000_top500_2018_2026_bars.parquet
2025-10-28,50,22,0.9896624700025102,0.428278746719219,0.44,0.4327523369842778,data\dynamic_candidate2000_top500_2018_2026_bars.parquet
2025-10-29,50,22,0.9895220216905654,0.4239819238762653,0.44,0.42847143831312245,data\dynamic_candidate2000_top500_2018_2026_bars.parquet
2025-10-30,50,24,0.9895176399792524,0.4642677594250458,0.48,0.46918593531569613,data\dynamic_candidate2000_top500_2018_2026_bars.parquet
2025-10-31,50,25,0.9891954246768732,0.4882684779110095,0.5,0.49360163394458223,data\dynamic_candidate2000_top500_2018_2026_bars.parquet
2025-11-03,50,27,0.9890329466353667,0.535182534143755,0.54,0.5411169930834108,data\dynamic_candidate2000_top500_2018_2026_bars.parquet
2025-11-04,50,24,0.9895099099910125,0.4758351215440766,0.48,0.4808795917449664,data\dynamic_candidate2000_top500_2018_2026_bars.parquet
2025-11-05,50,26,0.9892661056203669,0.51086031900516,0.52,0.516403337891376,data\dynamic_candidate2000_top500_2018_2026_bars.parquet
2025-11-06,50,22,0.9895441664212203,0.4302849693536395,0.44,0.4348314951012299,data\dynamic_candidate2000_top500_2018_2026_bars.parquet
2025-11-07,50,26,0.9897890320353746,0.5053041436256513,0.52,0.5105170165268027,data\dynamic_candidate2000_top500_2018_2026_bars.parquet
2025-11-10,50,23,0.9890588876250321,0.45218902145663936,0.46,0.45719120177207423,data\dynamic_candidate2000_top500_2018_2026_bars.parquet
2025-11-11,50,24,0.9892744227113162,0.47331113767354904,0.48,0.4784427119588714,data\dynamic_candidate2000_top500_2018_2026_bars.parquet
2025-11-12,50,28,0.9894502417345423,0.5529176909307969,0.56,0.5588130333482076,data\dynamic_candidate2000_top500_2018_2026_bars.parquet
2025-11-13,50,29,0.9898282616929586,0.5734387139587427,0.58,0.5793315225996462,data\dynamic_candidate2000_top500_2018_2026_bars.parquet
2025-11-14,50,24,0.9892264842153142,0.47627079572402087,0.48,0.48145778881144086,data\dynamic_candidate2000_top500_2018_2026_bars.parquet
2025-11-17,50,25,0.9889977740368258,0.4915512709804048,0.5,0.49701959284905495,data\dynamic_candidate2000_top500_2018_2026_bars.parquet
2025-11-18,50,27,0.9892522612147054,0.5325773193045847,0.54,0.5383635096781398,data\dynamic_candidate2000_top500_2018_2026_bars.parquet
2025-11-19,51,29,0.9905007466356264,0.5614918857284035,0.5686274509803921,0.5668767920020139,data\dynamic_candidate2000_top500_2018_2026_bars.parquet
2025-11-20,51,23,0.9908962497848629,0.44401114716321893,0.45098039215686275,0.4480904507001816,data\dynamic_candidate2000_top500_2018_2026_bars.parquet
2025-11-21,50,20,0.9895383018122696,0.3924566241958208,0.4,0.3966057943154541,data\dynamic_candidate2000_top500_2018_2026_bars.parquet
2025-11-24,50,21,0.9887864422041371,0.41205229791438214,0.42,0.416725270823761,data\dynamic_candidate2000_top500_2018_2026_bars.parquet
2025-11-25,50,21,0.989118059032617,0.4125789022317762,0.42,0.4171179551966618,data\dynamic_candidate2000_top500_2018_2026_bars.parquet
2025-11-26,50,19,0.9899791127227612,0.3736561041068451,0.38,0.37743837148156645,data\dynamic_candidate2000_top500_2018_2026_bars.parquet
2025-11-27,50,20,0.9896836248034141,0.39208690866354345,0.4,0.3961739881686187,data\dynamic_candidate2000_top500_2018_2026_bars.parquet
2025-11-28,50,21,0.9894580973554338,0.41572279500694764,0.42,0.42015199644943774,data\dynamic_candidate2000_top500_2018_2026_bars.parquet
2025-12-01,50,21,0.9893651460485806,0.4124559879325849,0.42,0.41688954738287515,data\dynamic_candidate2000_top500_2018_2026_bars.parquet
2025-12-02,50,19,0.9894856339436569,0.37228449714642453,0.38,0.37624042671813374,data\dynamic_candidate2000_top500_2018_2026_bars.parquet
2025-12-03,50,18,0.9892796950102524,0.34831698814415785,0.36,0.3520915165862654,data\dynamic_candidate2000_top500_2018_2026_bars.parquet
2025-12-04,50,17,0.9895957721241068,0.3277640687518387,0.34,0.3312100536245352,data\dynamic_candidate2000_top500_2018_2026_bars.parquet
2025-12-05,50,19,0.9897629784924653,0.36627461280159057,0.38,0.37006295523345734,data\dynamic_candidate2000_top500_2018_2026_bars.parquet
2025-12-08,50,21,0.9893273571707772,0.4082692427732666,0.42,0.4126735602872764,data\dynamic_candidate2000_top500_2018_2026_bars.parquet
2025-12-09,50,20,0.9890309009388248,0.3934946557985332,0.4,0.39785880848112376,data\dynamic_candidate2000_top500_2018_2026_bars.parquet
2025-12-10,50,21,0.9891360591399875,0.41059843665352785,0.42,0.41510814701318854,data\dynamic_candidate2000_top500_2018_2026_bars.parquet
2025-12-11,50,22,0.9891853067836618,0.432135987302896,0.44,0.43686049958423573,data\dynamic_candidate2000_top500_2018_2026_bars.parquet
2025-12-12,50,24,0.989359814927466,0.4760570215294104,0.48,0.48117683207530726,data\dynamic_candidate2000_top500_2018_2026_bars.parquet
2025-12-15,50,24,0.989312968430915,0.474534027867467,0.48,0.47966017126015703,data\dynamic_candidate2000_top500_2018_2026_bars.parquet
2025-12-16,50,24,0.9894879766663933,0.47599464678430115,0.48,0.48105147107288515,data\dynamic_candidate2000_top500_2018_2026_bars.parquet
2025-12-17,50,20,0.9895018649308043,0.39882288738650684,0.4,0.40305420486943344,data\dynamic_candidate2000_top500_2018_2026_bars.parquet
2025-12-18,50,20,0.9894796856925943,0.39856076863957174,0.4,0.40279833371272894,data\dynamic_candidate2000_top500_2018_2026_bars.parquet
2025-12-19,50,20,0.9894127188670494,0.3941856388339996,0.4,0.39840365028394953,data\dynamic_candidate2000_top500_2018_2026_bars.parquet
2025-12-22,50,21,0.9896833797888551,0.4142595691922195,0.42,0.4185778781902957,data\dynamic_candidate2000_top500_2018_2026_bars.parquet
2025-12-23,50,22,0.9892323314014532,0.4346972394741641,0.44,0.43942886385276664,data\dynamic_candidate2000_top500_2018_2026_bars.parquet
2025-12-24,50,23,0.9893011050582096,0.4532665291357716,0.46,0.4581684249802812,data\dynamic_candidate2000_top500_2018_2026_bars.parquet
2025-12-25,50,23,0.9891732191818648,0.4504132500629977,0.46,0.45534315055105307,data\dynamic_candidate2000_top500_2018_2026_bars.parquet
2025-12-26,50,20,0.9897398646836743,0.39464896375742337,0.4,0.39874009104761593,data\dynamic_candidate2000_top500_2018_2026_bars.parquet
2025-12-29,49,18,0.970154780540438,0.3549888185281982,0.3673469387755102,0.36590946686924203,data\dynamic_candidate2000_top500_2018_2026_bars.parquet
2025-12-30,50,19,0.9883001869229578,0.3766328673683746,0.38,0.38109156747304623,data\dynamic_candidate2000_top500_2018_2026_bars.parquet
2025-12-31,50,20,0.9892909208341711,0.39277986181217095,0.4,0.3970317057807208,data\dynamic_candidate2000_top500_2018_2026_bars.parquet
2026-01-05,50,23,0.9894627983245398,0.4600925896558659,0.46,0.4649923073762268,data\dynamic_candidate2000_top500_2018_2026_bars.parquet
2026-01-06,50,20,0.9892712367048242,0.39942287453648584,0.4,0.40375466274237226,data\dynamic_candidate2000_top500_2018_2026_bars.parquet
2026-01-07,50,19,0.9894094322403277,0.37379839489588496,0.38,0.3777995061655014,data\dynamic_candidate2000_top500_2018_2026_bars.parquet
2026-01-08,50,19,0.9890766124693988,0.37293782460133296,0.38,0.3770565595219464,data\dynamic_candidate2000_top500_2018_2026_bars.parquet
2026-01-09,50,18,0.9892048259193568,0.3514020888720623,0.36,0.3552369334080764,data\dynamic_candidate2000_top500_2018_2026_bars.parquet
2026-01-12,50,18,0.9891809119802926,0.3545267692625016,0.36,0.35840437777226825,data\dynamic_candidate2000_top500_2018_2026_bars.parquet
2026-01-13,50,18,0.9896031596748036,0.35573497760814676,0.36,0.35947235427688595,data\dynamic_candidate2000_top500_2018_2026_bars.parquet
2026-01-14,50,17,0.9890243485361329,0.3282684558972388,0.34,0.33191139973764344,data\dynamic_candidate2000_top500_2018_2026_bars.parquet
2026-01-15,50,17,0.9895455014753342,0.32630544127054334,0.34,0.32975284186937104,data\dynamic_candidate2000_top500_2018_2026_bars.parquet
2026-01-16,51,22,0.9907076896462671,0.4256594472754291,0.43137254901960786,0.4296519061312738,data\dynamic_candidate2000_top500_2018_2026_bars.parquet
2026-01-19,51,21,0.9905365695580436,0.4022494069380704,0.4117647058823529,0.4060924344444401,data\dynamic_candidate2000_top500_2018_2026_bars.parquet
2026-01-20,51,21,0.9904748614827525,0.40797421421997754,0.4117647058823529,0.411897595875614,data\dynamic_candidate2000_top500_2018_2026_bars.parquet
2026-01-21,50,18,0.9898753971427819,0.3541362456218063,0.36,0.3577584074157213,data\dynamic_candidate2000_top500_2018_2026_bars.parquet
2026-01-22,50,18,0.9889841055612814,0.3601533255873751,0.36,0.3641649279924232,data\dynamic_candidate2000_top500_2018_2026_bars.parquet
2026-01-23,50,19,0.9894597504730791,0.3782720457212792,0.38,0.38230159997960533,data\dynamic_candidate2000_top500_2018_2026_bars.parquet
2026-01-26,50,20,0.9894072710638662,0.4017593941356235,0.4,0.40606068490241565,data\dynamic_candidate2000_top500_2018_2026_bars.parquet
2026-01-27,50,22,0.9894620325319567,0.44264315728417214,0.44,0.4473573949588369,data\dynamic_candidate2000_top500_2018_2026_bars.parquet
2026-01-28,50,24,0.9895765126500202,0.47955082458648746,0.48,0.48460206811323986,data\dynamic_candidate2000_top500_2018_2026_bars.parquet
2026-01-29,50,27,0.9892005638398352,0.5369444428861445,0.54,0.542806446451928,data\dynamic_candidate2000_top500_2018_2026_bars.parquet
2026-01-30,50,26,0.9893458971275546,0.518133226278895,0.52,0.5237129175784039,data\dynamic_candidate2000_top500_2018_2026_bars.parquet
2026-02-02,50,23,0.9900377603646169,0.4554791635189553,0.46,0.4600624155498966,data\dynamic_candidate2000_top500_2018_2026_bars.parquet
2026-02-03,50,19,0.9888620511545342,0.36714335716729896,0.38,0.37127863966328273,data\dynamic_candidate2000_top500_2018_2026_bars.parquet
2026-02-04,50,22,0.9895723059661043,0.4278586799710509,0.44,0.4323672736105312,data\dynamic_candidate2000_top500_2018_2026_bars.parquet
2026-02-05,50,21,0.9895417656353878,0.40985586336181457,0.42,0.4141875336597287,data\dynamic_candidate2000_top500_2018_2026_bars.parquet
2026-02-06,50,20,0.9892825540422084,0.38863859851602534,0.4,0.39284893575455065,data\dynamic_candidate2000_top500_2018_2026_bars.parquet
2026-02-09,50,22,0.9893344162096255,0.4282516447847088,0.44,0.4328684393952879,data\dynamic_candidate2000_top500_2018_2026_bars.parquet
2026-02-10,50,24,0.989575931482572,0.4680668241637622,0.48,0.47299738127473406,data\dynamic_candidate2000_top500_2018_2026_bars.parquet
2026-02-11,50,24,0.9894376594402488,0.46666626425062496,0.48,0.47164797074191667,data\dynamic_candidate2000_top500_2018_2026_bars.parquet
2026-02-12,50,21,0.9898456433235281,0.40350349857369844,0.42,0.4076428494637669,data\dynamic_candidate2000_top500_2018_2026_bars.parquet
2026-02-13,50,22,0.9894728387825467,0.42511719810523696,0.44,0.4296400885832336,data\dynamic_candidate2000_top500_2018_2026_bars.parquet
2026-02-24,50,21,0.9889394996489549,0.40472010457882923,0.42,0.40924657648166873,data\dynamic_candidate2000_top500_2018_2026_bars.parquet
2026-02-25,50,20,0.9893937082870514,0.3851628661246464,0.4,0.3892918086082064,data\dynamic_candidate2000_top500_2018_2026_bars.parquet
2026-02-26,50,24,0.9894295260542219,0.4627037161679497,0.48,0.4676469662404162,data\dynamic_candidate2000_top500_2018_2026_bars.parquet
2026-02-27,50,22,0.9889427441449938,0.4218633979584123,0.44,0.42658020442138034,data\dynamic_candidate2000_top500_2018_2026_bars.parquet
2026-03-02,50,19,0.9894866638949665,0.36024327824516267,0.38,0.3640708777489924,data\dynamic_candidate2000_top500_2018_2026_bars.parquet
2026-03-03,50,23,0.989600350803967,0.44405666656951803,0.46,0.44872323075548565,data\dynamic_candidate2000_top500_2018_2026_bars.parquet
2026-03-04,50,22,0.9893245131842137,0.4246040896995477,0.44,0.42918585766456774,data\dynamic_candidate2000_top500_2018_2026_bars.parquet
2026-03-05,50,23,0.9893288444449803,0.4419769866277485,0.46,0.44674426416395485,data\dynamic_candidate2000_top500_2018_2026_bars.parquet
2026-03-06,50,20,0.9893147051766467,0.3834544114635611,0.4,0.38759598887706165,data\dynamic_candidate2000_top500_2018_2026_bars.parquet
2026-03-09,50,18,0.9891886481843732,0.34278833133242365,0.36,0.346534841419381,data\dynamic_candidate2000_top500_2018_2026_bars.parquet
2026-03-10,50,18,0.9893641123232598,0.34366645523138045,0.36,0.3473609472496134,data\dynamic_candidate2000_top500_2018_2026_bars.parquet
2026-03-11,50,18,0.9894605813079647,0.3360374824495243,0.36,0.3396168465906115,data\dynamic_candidate2000_top500_2018_2026_bars.parquet
2026-03-12,50,22,0.9891364097033828,0.4198949823340213,0.44,0.42450664864306964,data\dynamic_candidate2000_top500_2018_2026_bars.parquet
2026-03-13,50,24,0.9892185146932972,0.4609712348591431,0.48,0.46599535695312494,data\dynamic_candidate2000_top500_2018_2026_bars.parquet
2026-03-16,50,22,0.9893098779159794,0.42555100068689206,0.44,0.4301493497500825,data\dynamic_candidate2000_top500_2018_2026_bars.parquet
2026-03-17,50,20,0.9893666829158885,0.3853878169330676,0.4,0.38952981092636163,data\dynamic_candidate2000_top500_2018_2026_bars.parquet
2026-03-18,50,20,0.9892750731207272,0.3858750402356546,0.4,0.3900583879247951,data\dynamic_candidate2000_top500_2018_2026_bars.parquet
2026-03-19,50,20,0.9893181283982965,0.389671889979075,0.4,0.39387925763571396,data\dynamic_candidate2000_top500_2018_2026_bars.parquet
2026-03-20,50,21,0.9894520666027928,0.41341031400028994,0.42,0.4178174243646812,data\dynamic_candidate2000_top500_2018_2026_bars.parquet
2026-03-23,50,20,0.989168399123239,0.3858955294579795,0.4,0.3901211662240955,data\dynamic_candidate2000_top500_2018_2026_bars.parquet
2026-03-24,50,22,0.9890082838051822,0.43183003532393377,0.44,0.43662934112389795,data\dynamic_candidate2000_top500_2018_2026_bars.parquet
2026-03-25,50,22,0.9893684506386737,0.4336257831464776,0.44,0.4382854363978922,data\dynamic_candidate2000_top500_2018_2026_bars.parquet
2026-03-26,50,21,0.9897231370346659,0.4141782739729203,0.42,0.41847892453423907,data\dynamic_candidate2000_top500_2018_2026_bars.parquet
2026-03-27,50,16,0.989470547269422,0.3133276576879017,0.32,0.3166619345594185,data\dynamic_candidate2000_top500_2018_2026_bars.parquet
2026-03-30,50,18,0.9892731083125438,0.3504708563582914,0.36,0.35427108390332,data\dynamic_candidate2000_top500_2018_2026_bars.parquet
2026-03-31,50,21,0.9890574236310584,0.4138860391981577,0.42,0.4184651257949072,data\dynamic_candidate2000_top500_2018_2026_bars.parquet
2026-04-01,50,24,0.9892251738978339,0.4745236388964019,0.48,0.47969223935804345,data\dynamic_candidate2000_top500_2018_2026_bars.parquet
2026-04-02,50,22,0.9892216723062919,0.43164553269111583,0.44,0.4363486413361411,data\dynamic_candidate2000_top500_2018_2026_bars.parquet
2026-04-03,50,22,0.989364438438682,0.4328706899863915,0.44,0.43752400345974185,data\dynamic_candidate2000_top500_2018_2026_bars.parquet
2026-04-07,50,20,0.9888130183742286,0.38723812146749376,0.4,0.39161915778999046,data\dynamic_candidate2000_top500_2018_2026_bars.parquet
2026-04-08,50,23,0.9893600970905609,0.4512703095805038,0.46,0.4561234184677218,data\dynamic_candidate2000_top500_2018_2026_bars.parquet
2026-04-09,50,20,0.989772957450055,0.395196398390216,0.4,0.39927985040969155,data\dynamic_candidate2000_top500_2018_2026_bars.parquet
2026-04-10,50,19,0.9894876478654658,0.37432608941416606,0.38,0.37830294316626045,data\dynamic_candidate2000_top500_2018_2026_bars.parquet
2026-04-13,50,21,0.98929488223238,0.4115607401431606,0.42,0.4160142213759953,data\dynamic_candidate2000_top500_2018_2026_bars.parquet
2026-04-14,50,25,0.9894638048360712,0.49124526972549404,0.5,0.4964762402874159,data\dynamic_candidate2000_top500_2018_2026_bars.parquet
2026-04-15,50,25,0.9894027178476977,0.4932411182389621,0.5,0.4985241189876016,data\dynamic_candidate2000_top500_2018_2026_bars.parquet
2026-04-16,50,26,0.9894155449938605,0.5090455652043142,0.52,0.5144911738853597,data\dynamic_candidate2000_top500_2018_2026_bars.parquet
2026-04-17,50,27,0.988873160407618,0.5289614216930353,0.54,0.5349133163600022,data\dynamic_candidate2000_top500_2018_2026_bars.parquet
2026-04-20,50,24,0.9896021977136176,0.47070427546000587,0.48,0.47564999001368796,data\dynamic_candidate2000_top500_2018_2026_bars.parquet
2026-04-21,50,25,0.9897376030860596,0.49147887768666465,0.5,0.49657492668178393,data\dynamic_candidate2000_top500_2018_2026_bars.parquet
2026-04-22,50,23,0.9896241528599835,0.4541382528299552,0.46,0.458899726242038,data\dynamic_candidate2000_top500_2018_2026_bars.parquet
2026-04-23,50,24,0.9891600961449231,0.47801669255373036,0.48,0.4832551317190373,data\dynamic_candidate2000_top500_2018_2026_bars.parquet
2026-04-24,50,24,0.9890552423782284,0.48036265456349403,0.48,0.4856782856824459,data\dynamic_candidate2000_top500_2018_2026_bars.parquet
2026-04-27,50,20,0.9892011888900063,0.40141685257695453,0.4,0.4057989993192273,data\dynamic_candidate2000_top500_2018_2026_bars.parquet
2026-04-28,50,19,0.989118188968994,0.38024989782230323,0.38,0.38443322755863607,data\dynamic_candidate2000_top500_2018_2026_bars.parquet
2026-04-29,50,21,0.9895901301005925,0.41737502536783955,0.42,0.4217655498700387,data\dynamic_candidate2000_top500_2018_2026_bars.parquet
2026-04-30,50,22,0.9892523182018552,0.4355675065641498,0.44,0.4402997077185246,data\dynamic_candidate2000_top500_2018_2026_bars.parquet
2026-05-06,50,20,0.9894710912676457,0.3924213252459998,0.4,0.3965970594888783,data\dynamic_candidate2000_top500_2018_2026_bars.parquet
2026-05-07,50,20,0.9895751205837736,0.39002618676863077,0.4,0.3941349965817099,data\dynamic_candidate2000_top500_2018_2026_bars.parquet
2026-05-08,50,18,0.9897210903621918,0.35115276400195355,0.36,0.354799718245317,data\dynamic_candidate2000_top500_2018_2026_bars.parquet
2026-05-11,50,20,0.98906569512767,0.39558341025071864,0.4,0.3999566582881597,data\dynamic_candidate2000_top500_2018_2026_bars.parquet
2026-05-12,50,22,0.9892444989483565,0.43817209112627187,0.44,0.4429360907157762,data\dynamic_candidate2000_top500_2018_2026_bars.parquet
2026-05-13,50,20,0.9892820387144018,0.39472035865460897,0.4,0.39899679081160566,data\dynamic_candidate2000_top500_2018_2026_bars.parquet
2026-05-14,50,23,0.9888802393066455,0.45917642042581475,0.46,0.46433976752105677,data\dynamic_candidate2000_top500_2018_2026_bars.parquet
2026-05-15,50,20,0.9890383669499271,0.3909330597367407,0.4,0.39526581859744253,data\dynamic_candidate2000_top500_2018_2026_bars.parquet
2026-05-18,50,18,0.989150186020535,0.3470645801372611,0.36,0.35087147032094473,data\dynamic_candidate2000_top500_2018_2026_bars.parquet
2026-05-19,50,17,0.9895191660140557,0.3335953709807245,0.34,0.3371287615625486,data\dynamic_candidate2000_top500_2018_2026_bars.parquet
2026-05-20,50,16,0.9893358164413358,0.3193119201598416,0.32,0.32275382620677184,data\dynamic_candidate2000_top500_2018_2026_bars.parquet
2026-05-21,50,17,0.9893687610650209,0.3393641502282915,0.34,0.34301077978546424,data\dynamic_candidate2000_top500_2018_2026_bars.parquet
2026-05-22,50,15,0.9890421446088039,0.30104316481861715,0.3,0.30437850041030234,data\dynamic_candidate2000_top500_2018_2026_bars.parquet
2026-05-25,50,17,0.9891023677738597,0.346897995271538,0.34,0.35072001298742206,data\dynamic_candidate2000_top500_2018_2026_bars.parquet
2026-05-26,50,20,0.989223600514773,0.398245329772393,0.4,0.40258373290442506,data\dynamic_candidate2000_top500_2018_2026_bars.parquet
2026-05-27,50,25,0.9890307497490572,0.5026314796848431,0.5,0.5082061197919011,data\dynamic_candidate2000_top500_2018_2026_bars.parquet
2026-05-28,50,23,0.9883707763850921,0.46021883602167035,0.46,0.4656337955528123,data\dynamic_candidate2000_top500_2018_2026_bars.parquet
2026-05-29,50,19,0.9891918596117567,0.3764123746297098,0.38,0.38052514380521296,data\dynamic_candidate2000_top500_2018_2026_bars.parquet
2026-06-01,50,20,0.9889548752347576,0.3932795361468491,0.4,0.3976718715841232,data\dynamic_candidate2000_top500_2018_2026_bars.parquet
2026-06-02,50,19,0.9888900895375273,0.368818142914109,0.38,0.3729617141644059,data\dynamic_candidate2000_top500_2018_2026_bars.parquet
2026-06-03,50,23,0.9898184123587086,0.4569473122751997,0.46,0.46164761795682047,data\dynamic_candidate2000_top500_2018_2026_bars.parquet
2026-06-04,50,19,0.9892516463760083,0.3763501310389738,0.38,0.38043922637650635,data\dynamic_candidate2000_top500_2018_2026_bars.parquet
2026-06-05,50,14,0.9883330241014444,0.2694790591682666,0.28,0.2726601789040358,data\dynamic_candidate2000_top500_2018_2026_bars.parquet
2026-06-08,50,14,0.9891389663639198,0.266369240247789,0.28,0.2692940520046074,data\dynamic_candidate2000_top500_2018_2026_bars.parquet
2026-06-09,50,17,0.9891530633949827,0.3252718696920934,0.34,0.32883876290661374,data\dynamic_candidate2000_top500_2018_2026_bars.parquet
2026-06-10,50,20,0.9891979682356238,0.3900773709778517,0.4,0.39433701190633313,data\dynamic_candidate2000_top500_2018_2026_bars.parquet
2026-06-11,50,22,0.9894793524042584,0.4335253699778044,0.44,0.4381348321462343,data\dynamic_candidate2000_top500_2018_2026_bars.parquet
2026-06-12,50,23,0.9891371926570862,0.45186856210176246,0.46,0.45683102956418314,data\dynamic_candidate2000_top500_2018_2026_bars.parquet
2026-06-15,50,25,0.9895268069460772,0.49137290214968254,0.5,0.49657361346902773,data\dynamic_candidate2000_top500_2018_2026_bars.parquet
2026-06-16,50,24,0.9893292452889441,0.47446571768974577,0.48,0.47958323272974007,data\dynamic_candidate2000_top500_2018_2026_bars.parquet
2026-06-17,50,27,0.9890879525646193,0.5350843950860261,0.54,0.5409876782935215,data\dynamic_candidate2000_top500_2018_2026_bars.parquet
2026-06-18,50,27,0.9893631767815421,0.5372533762940452,0.54,0.5430294849276307,data\dynamic_candidate2000_top500_2018_2026_bars.parquet
2026-06-22,50,22,0.9891428569843851,0.43346435628012103,0.44,0.4382221973493601,data\dynamic_candidate2000_top500_2018_2026_bars.parquet
2026-06-23,50,23,0.9892171444883018,0.4519110639102757,0.46,0.45683707205058444,data\dynamic_candidate2000_top500_2018_2026_bars.parquet
2026-06-24,50,23,0.9891052933280554,0.4501575788712571,0.46,0.45511593346812057,data\dynamic_candidate2000_top500_2018_2026_bars.parquet
