date,cash,net_equity,gross_equity,daily_return,gross_return,turnover,cost,drawdown
2025-06-03,543170.1373099998,1002178.1373099998,1002518.9999999998,0.002178137309999828,0.002518999999999716,0.456489,340.86268999999487,0.0
2025-06-04,543170.1373099998,1000806.1373099998,1001146.9999999998,-0.0013690180906187344,-0.0013685526159603612,0.0,0.0,-0.0013690180906187344
2025-06-05,543170.1373099998,1004110.1373099998,1004450.9999999998,0.003301338667726972,0.003300214653792155,0.0,0.0,0.0
2025-06-06,543170.1373099998,997720.1373099998,998060.9999999998,-0.006363843728456664,-0.006361684143875612,0.0,0.0,-0.006363843728456664
2025-06-09,543170.1373099998,1000240.1373099998,1000580.9999999998,0.0025257583822997365,0.0025248957729036015,0.0,0.0,-0.00385415887779772
2025-06-10,543170.1373099998,1007808.1373099998,1008148.9999999998,0.007566183077148958,0.007563605545178209,0.0,0.0,0.0
2025-06-11,543170.1373099998,1010353.1373099998,1010693.9999999998,0.0025252822494497007,0.002524428432701953,0.0,0.0,0.0
2025-06-12,543170.1373099998,1010727.1373099998,1011067.9999999998,0.00037016760396846315,0.00037004276269581027,0.0,0.0,0.0
2025-06-13,543170.1373099998,1006967.1373099998,1007307.9999999998,-0.0037200940404222838,-0.0037188398802059375,0.0,0.0,-0.0037200940404222838
2025-06-16,543170.1373099998,1007125.1373099998,1007465.9999999998,0.00015690680871882634,0.00015685371306495277,0.0,0.0,-0.0035637709397875472
2025-06-17,543170.1373099998,1006995.1373099998,1007335.9999999998,-0.00012908028524361015,-0.00012903661264995758,0.0,0.0,-0.0036923912124616765
2025-06-18,543170.1373099998,1004593.1373099998,1004933.9999999998,-0.0023853143982566216,-0.0023845072547789004,0.0,0.0,-0.006068898096795228
2025-06-19,543170.1373099998,998755.1373099998,999095.9999999998,-0.005811307865025261,-0.005809336732561565,0.0,0.0,-0.011844937726578575
2025-06-20,543170.1373099998,998587.1373099998,998927.9999999998,-0.00016820939760320286,-0.00016815200941655561,0.0,0.0,-0.012011154694342108
2025-06-23,543170.1373099998,999406.1373099998,999746.9999999998,0.0008201587717284742,0.0008198789101916404,0.0,0.0,-0.011200846976494816
2025-06-24,543170.1373099998,1005497.1373099998,1005837.9999999998,0.006094619367051912,0.006092541412977548,0.0,0.0,-0.005174492508353334
2025-06-25,543170.1373099998,1010542.1373099998,1010882.9999999998,0.005017418561227283,0.005015718236932809,0.0,0.0,-0.0001830365418824531
2025-06-26,543170.1373099998,1009527.1373099998,1009867.9999999998,-0.0010044113575529146,-0.0010040726770556008,0.0,0.0,-0.001187264055453885
2025-06-27,543170.1373099998,1011139.1373099998,1011479.9999999998,0.0015967871891937602,0.0015962482225400088,0.0,0.0,0.0
2025-06-30,543170.1373099998,1011510.1373099998,1011850.9999999998,0.0003669129067509491,0.000366789259303113,0.0,0.0,0.0
2025-07-01,43612.81935999988,1014966.8193599998,1015861.9999999999,0.003417347906361723,0.00396402237088278,0.7343920467030758,554.3179499999851,0.0
2025-07-02,43612.81935999988,1017715.8193599998,1018610.9999999999,0.002708462924663202,0.0027060762190140863,0.0,0.0,0.0
2025-07-03,43612.81935999988,1019947.8193599998,1020842.9999999999,0.002193146610812935,0.0021912192191131385,0.0,0.0,0.0
2025-07-04,43612.81935999988,1021277.8193599998,1022172.9999999999,0.001303988277394863,0.0013028448057144093,0.0,0.0,0.0
2025-07-07,43612.81935999988,1024820.8193599998,1025715.9999999999,0.003469183343490556,0.003466145163294243,0.0,0.0,0.0
2025-07-08,43612.81935999988,1012729.8193599998,1013624.9999999999,-0.01179816000181455,-0.011787863307192281,0.0,0.0,-0.01179816000181455
2025-07-09,43612.81935999988,1030065.8193599998,1030960.9999999999,0.017118089808943804,0.017102972006412642,0.0,0.0,0.0
2025-07-10,43612.81935999988,1041088.8193599998,1041983.9999999999,0.010701257912672846,0.010691966039452439,0.0,0.0,0.0
2025-07-11,43612.81935999988,1048480.8193599998,1049375.9999999998,0.00710025875078002,0.00709415883545228,0.0,0.0,0.0
2025-07-14,43612.81935999988,1048781.8193599998,1049676.9999999998,0.0002870820280562736,0.00028683712987520593,0.0,0.0,0.0
2025-07-15,43612.81935999988,1040056.8193599998,1040951.9999999999,-0.008319175484300723,-0.008312080763892005,0.0,0.0,-0.008319175484300723
2025-07-16,43612.81935999988,1038974.8193599998,1039869.9999999999,-0.0010403277781168008,-0.001039433134284784,0.0,0.0,-0.009350848593070116
2025-07-17,43612.81935999988,1042924.8193599998,1043819.9999999999,0.0038018245739903644,0.003798551742044687,0.0,0.0,-0.005584574305048662
2025-07-18,43612.81935999988,1051177.8193599998,1052072.9999999998,0.007913322079212248,0.007906535609587761,0.0,0.0,0.0
2025-07-21,43612.81935999988,1066829.8193599998,1067724.9999999998,0.01488996410667176,0.014877294636398863,0.0,0.0,0.0
2025-07-22,43612.81935999988,1081763.8193599998,1082658.9999999998,0.013998483852803334,0.013986747523941023,0.0,0.0,0.0
2025-07-23,43612.81935999988,1075926.8193599998,1076821.9999999998,-0.005395817363769262,-0.00539135591169515,0.0,0.0,-0.005395817363769262
2025-07-24,43612.81935999988,1088643.8193599998,1089538.9999999998,0.011819577104290824,0.0118097512866564,0.0,0.0,0.0
2025-07-25,43612.81935999988,1081902.8193599998,1082797.9999999998,-0.0061921079053780526,-0.006187020382014796,0.0,0.0,-0.0061921079053780526
2025-07-28,43612.81935999988,1078590.8193599998,1079485.9999999998,-0.0030612731021065764,-0.003058742258482239,0.0,0.0,-0.00923442527410856
2025-07-29,43612.81935999988,1077193.8193599998,1078088.9999999998,-0.0012952085025430549,-0.0012941344306457436,0.0,0.0,-0.010517673270520445
2025-07-30,43612.81935999988,1079195.8193599998,1080090.9999999998,0.0018585327580040722,0.0018569895435349704,0.0,0.0,-0.00867868795282778
2025-07-31,43612.81935999988,1055856.8193599998,1056751.9999999998,-0.021626288372615154,-0.021608364480400266,0.0,0.0,-0.030117288517079066
2025-08-01,35293.14114000001,1056320.14114,1058119.0,0.0004388111830171404,0.0012935863854530716,1.0031019174001123,903.6782199999805,-0.029691693137065323
2025-08-04,35293.14114000001,1060449.14114,1062248.0,0.003908852855483591,0.003902207596688134,0.0,0.0,-0.025898900741084585
2025-08-05,35293.14114000001,1065908.14114,1067707.0,0.005147818776232382,0.0051391012268322545,0.0,0.0,-0.02088440481237097
2025-08-06,35293.14114000001,1071459.14114,1073258.0,0.005207765834364553,0.005198991858253343,0.0,0.0,-0.015785400067859223
2025-08-07,35293.14114000001,1071003.14114,1072802.0,-0.00042558785724189363,-0.00042487454088391274,0.0,0.0,-0.01620426985051049
2025-08-08,35293.14114000001,1073174.14114,1074973.0,0.002027071552459736,0.002023672588231662,0.0,0.0,-0.014210045512493052
2025-08-11,35293.14114000001,1080905.14114,1082704.0,0.007203863477168282,0.007191808538447031,0.0,0.0,-0.007108549263201036
2025-08-12,35293.14114000001,1081469.14114,1083268.0,0.0005217849175971345,0.0005209179979015488,0.0,0.0,-0.006590473479395453
2025-08-13,35293.14114000001,1087520.14114,1089319.0,0.005595166583876265,0.005585875332789314,0.0,0.0,-0.0010321816925029648
2025-08-14,35293.14114000001,1078907.14114,1080706.0,-0.007919853319655612,-0.007906774783144277,0.0,0.0,-0.008943860284554739
2025-08-15,35293.14114000001,1092429.14114,1094228.0,0.012533052645950837,0.012512191104703696,0.0,0.0,0.0
2025-08-18,35293.14114000001,1093018.14114,1094817.0,0.0005391654047102179,0.0005382790423933415,0.0,0.0,0.0
2025-08-19,35293.14114000001,1089786.14114,1091585.0,-0.002956950006912984,-0.002952091536759127,0.0,0.0,-0.002956950006912984
2025-08-20,35293.14114000001,1101756.14114,1103555.0,0.010983806407630192,0.01096570583142853,0.0,0.0,0.0
2025-08-21,35293.14114000001,1106264.14114,1108063.0,0.0040916495326592806,0.004084979905849773,0.0,0.0,0.0
2025-08-22,35293.14114000001,1113024.14114,1114823.0,0.006110656351053567,0.006100736149478925,0.0,0.0,0.0
2025-08-25,35293.14114000001,1129059.14114,1130858.0,0.014406695602825259,0.014383449211220034,0.0,0.0,0.0
2025-08-26,35293.14114000001,1132448.14114,1134247.0,0.0030016142436775084,0.0029968395678325876,0.0,0.0,0.0
2025-08-27,35293.14114000001,1110471.14114,1112270.0,-0.01940662817272709,-0.01937585023367927,0.0,0.0,-0.01940662817272709
2025-08-28,35293.14114000001,1118427.14114,1120226.0,0.007164526573677943,0.007152939484118104,0.0,0.0,-0.012381140902298138
2025-08-29,35293.14114000001,1116872.14114,1118671.0,-0.0013903453723548287,-0.0013881127558189599,0.0,0.0,-0.013754272212694985
2025-09-01,48948.52830000015,1119108.5283000001,1121740.0,0.002002366320747795,0.0027434339497494076,0.8398938118758349,832.6128399999806,-0.011779446983392394
2025-09-02,48948.52830000015,1115084.5283000001,1117716.0,-0.003595719180259249,-0.0035872840408650575,0.0,0.0,-0.015332810580200529
2025-09-03,48948.52830000015,1100225.5283000001,1102857.0,-0.013325447195158602,-0.013294074702339453,0.0,0.0,-0.02845394121761935
2025-09-04,48948.52830000015,1099859.5283000001,1102491.0,-0.0003326590690596598,-0.0003318653279618111,0.0,0.0,-0.028777134825082484
2025-09-05,48948.52830000015,1114037.5283000001,1116669.0,0.012890737076137526,0.012859968924916476,0.0,0.0,-0.016257356227779574
2025-09-08,48948.52830000015,1123473.5283000001,1126105.0,0.00847009168030377,0.008450131596740018,0.0,0.0,-0.007924965845204524
2025-09-09,48948.52830000015,1122163.5283000001,1124795.0,-0.001166026583627855,-0.0011633018235421844,0.0,0.0,-0.009081751707982533
2025-09-10,48948.52830000015,1119254.5283000001,1121886.0,-0.0025923137997604373,-0.0025862490498268498,0.0,0.0,-0.011650522757464365
2025-09-11,48948.52830000015,1126861.5283000001,1129493.0,0.0067964880263240435,0.006780546330019233,0.0,0.0,-0.004933217369561871
2025-09-12,48948.52830000015,1123607.5283000001,1126239.0,-0.002887666246720655,-0.0028809386158213934,0.0,0.0,-0.00780663813099669
2025-09-15,48948.52830000015,1120186.5283000001,1122818.0,-0.0030446574215962086,-0.003037543540935772,0.0,0.0,-0.010827527013869687
2025-09-16,48948.52830000015,1119805.5283000001,1122437.0,-0.00034012192646004635,-0.000339324805979202,0.0,0.0,-0.011163966260982927
2025-09-17,48948.52830000015,1121894.5283000001,1124526.0,0.0018655024887859195,0.0018611289542307397,0.0,0.0,-0.00931929017904154
2025-09-18,48948.52830000015,1104548.5283000001,1107180.0,-0.015461346465682757,-0.015425165803191754,0.0,0.0,-0.024636547870451886
2025-09-19,48948.52830000015,1102780.5283000001,1105412.0,-0.0016006539818772536,-0.0015968496540761379,0.0,0.0,-0.026197767263880567
2025-09-22,48948.52830000015,1098017.5283000001,1100649.0,-0.004319082426439302,-0.004308800700553284,0.0,0.0,-0.030403699374118465
2025-09-23,48948.52830000015,1093247.5283000001,1095879.0,-0.004344192945066272,-0.004333806690416275,0.0,0.0,-0.034615812782859856
2025-09-24,48948.52830000015,1105518.5283000001,1108150.0,0.011224356499649701,0.011197404092970098,0.0,0.0,-0.02377999650641016
2025-09-25,48948.52830000015,1099769.5283000001,1102401.0,-0.005200274670059568,-0.005187925822316419,0.0,0.0,-0.02885660866298334
2025-09-26,48948.52830000015,1103404.5283000001,1106036.0,0.003305237967102803,0.003297348242608633,0.0,0.0,-0.02564674865443517
2025-09-29,48948.52830000015,1113432.5283000001,1116064.0,0.009088235314250515,0.009066612659985651,0.0,0.0,-0.016791597027001504
2025-09-30,48948.52830000015,1113329.5283000001,1115961.0,-9.250672796246029e-05,-9.228861427301727e-05,0.0,0.0,-0.016882550419265785
2025-10-09,33285.50008000013,1132903.5000800001,1136264.0,0.017581471866544796,0.018193288116699513,0.713555133324312,729.02821999998,0.0
2025-10-10,33285.50008000013,1140131.5000800001,1143492.0,0.006380066792528671,0.006361197749818803,0.0,0.0,0.0
2025-10-13,33285.50008000013,1135408.5000800001,1138769.0,-0.004142504614308651,-0.004130330601350929,0.0,0.0,-0.004142504614308651
2025-10-14,33285.50008000013,1139828.5000800001,1143189.0,0.003892872036530104,0.0038813841964437934,0.0,0.0,-0.00026575881815271707
2025-10-15,33285.50008000013,1146159.5000800001,1149520.0,0.005554344359309793,0.005538016898343212,0.0,0.0,0.0
2025-10-16,33285.50008000013,1141315.5000800001,1144676.0,-0.004226287876741286,-0.004213932771939599,0.0,0.0,-0.004226287876741286
2025-10-17,33285.50008000013,1126895.5000800001,1130256.0,-0.01263454320824453,-0.012597451156484474,0.0,0.0,-0.01680743386819672
2025-10-20,33285.50008000013,1128796.5000800001,1132157.0,0.0016869354788133784,0.0016819198482467268,0.0,0.0,-0.015148851445883516
2025-10-21,33285.50008000013,1140313.5000800001,1143674.0,0.010202901939529108,0.01017261740200337,0.0,0.0,-0.005100511752153092
2025-10-22,33285.50008000013,1139233.5000800001,1142594.0,-0.0009471079662954907,-0.0009443250436750317,0.0,0.0,-0.006042788983135927
2025-10-23,33285.50008000013,1156143.5000800001,1159504.0,0.014843313507557854,0.014799657621167306,0.0,0.0,0.0
2025-10-24,33285.50008000013,1148080.5000800001,1151441.0,-0.006974047771268976,-0.006953835433081701,0.0,0.0,-0.006974047771268976
2025-10-27,33285.50008000013,1161110.5000800001,1164471.0,0.011349378374680308,0.011316255023053667,0.0,0.0,0.0
2025-10-28,33285.50008000013,1137333.5000800001,1140694.0,-0.020477809819445913,-0.020418713733532212,0.0,0.0,-0.020477809819445913
2025-10-29,33285.50008000013,1145942.5000800001,1149303.0,0.0075694596170732265,0.0075471598868759315,0.0,0.0,-0.013063356156847172
2025-10-30,33285.50008000013,1144516.5000800001,1147877.0,-0.0012443905343422212,-0.0012407520036056274,0.0,0.0,-0.01429149077444114
2025-10-31,33285.50008000013,1138122.5000800001,1141483.0,-0.005586638549599843,-0.005570283227209871,0.0,0.0,-0.019798287930749225
2025-11-03,38751.678820000336,1147435.6788200003,1151484.0000000002,0.008182931748863087,0.008761409499747463,0.665250005993889,687.8212599999824,-0.011777364220767694
2025-11-04,38751.678820000336,1143412.6788200003,1147461.0000000002,-0.0035060788802881993,-0.003493752409933659,0.0,0.0,-0.015242150733095983
2025-11-05,38751.678820000336,1150574.6788200003,1154623.0000000002,0.006263705250663554,0.006241606468542216,0.0,0.0,-0.009073917822010835
2025-11-06,38751.678820000336,1157067.6788200003,1161116.0000000002,0.0056432668991630575,0.005623480564651784,0.0,0.0,-0.003481857462938609
2025-11-07,38751.678820000336,1160065.6788200003,1164114.0000000002,0.0025910325341187423,0.0025819986978046217,0.0,0.0,-0.0008998465347853646
2025-11-10,38751.678820000336,1170948.6788200003,1174997.0000000002,0.009381365381889495,0.009348740759066443,0.0,0.0,0.0
2025-11-11,38751.678820000336,1189725.6788200003,1193774.0000000002,0.01603571560362682,0.01598046633310557,0.0,0.0,0.0
2025-11-12,38751.678820000336,1188080.6788200003,1192129.0000000002,-0.0013826716774169023,-0.001377982767257424,0.0,0.0,-0.0013826716774169023
2025-11-13,38751.678820000336,1194137.6788200003,1198186.0000000002,0.0050981386264237205,0.005080825984436155,0.0,0.0,0.0
2025-11-14,38751.678820000336,1195752.6788200003,1199801.0000000002,0.0013524403665043927,0.0013478708647907123,0.0,0.0,0.0
2025-11-17,38751.678820000336,1193737.6788200003,1197786.0000000002,-0.0016851310774301798,-0.001679445174658123,0.0,0.0,-0.0016851310774301798
2025-11-18,38751.678820000336,1182801.6788200003,1186850.0000000002,-0.009161141676293671,-0.009130178512689269,0.0,0.0,-0.010830835029180474
2025-11-19,38751.678820000336,1172520.6788200003,1176569.0000000002,-0.008692074237040881,-0.008662425748830915,0.0,0.0,-0.019428766844098555
2025-11-20,38751.678820000336,1172559.6788200003,1176608.0000000002,3.3261673507700706e-05,3.3147227234353593e-05,0.0,0.0,-0.01939615140389017
2025-11-21,38751.678820000336,1144075.6788200003,1148124.0000000002,-0.02429215375089888,-0.024208572438739195,0.0,0.0,-0.04321713086271006
2025-11-24,38751.678820000336,1139162.6788200003,1143211.0000000002,-0.004294296339790393,-0.004279154516411143,0.0,0.0,-0.04732584003562046
2025-11-25,38751.678820000336,1150452.6788200003,1154501.0000000002,0.0099107881691618,0.00987569223879059,0.0,0.0,-0.03788408824197931
2025-11-26,38751.678820000336,1155840.6788200003,1159889.0000000002,0.004683373857259809,0.004666951349544091,0.0,0.0,-0.03337813973319814
2025-11-27,38751.678820000336,1150117.6788200003,1154166.0000000002,-0.0049513744453453246,-0.004934092831296755,0.0,0.0,-0.03816424651043537
2025-11-28,38751.678820000336,1158387.6788200003,1162436.0000000002,0.007190568541199038,0.007165347099117536,0.0,0.0,-0.03124810059959282
2025-12-01,42226.365950000494,1167579.3659500005,1172392.0000000002,0.00793489718343987,0.008564772598233406,0.7158372064563806,764.3128699999685,-0.023561153881588526
2025-12-02,42226.365950000494,1170513.3659500005,1175326.0000000002,0.002512891273658946,0.0025025759302348405,0.0,0.0,-0.021107469225915998
2025-12-03,42226.365950000494,1174848.3659500005,1179661.0000000002,0.0037035032030425796,0.0036883383844141804,0.0,0.0,-0.01748213760275974
2025-12-04,42226.365950000494,1172416.3659500005,1177229.0000000002,-0.002070054375088226,-0.0020616092250230755,0.0,0.0,-0.019516003002417404
2025-12-05,42226.365950000494,1187336.3659500005,1192149.0000000002,0.012725854426222094,0.012673829815609272,0.0,0.0,-0.007038506389385857
2025-12-08,42226.365950000494,1184947.3659500005,1189760.0000000002,-0.0020120667306341433,-0.002003944137855207,0.0,0.0,-0.009036411175480485
2025-12-09,42226.365950000494,1171315.3659500005,1176128.0000000002,-0.011504308454300727,-0.011457772996234517,0.0,0.0,-0.020436761968298578
2025-12-10,42226.365950000494,1175783.3659500005,1180596.0000000002,0.003814514971701266,0.0037989062414975905,0.0,0.0,-0.016700203331098562
2025-12-11,42226.365950000494,1167710.3659500005,1172523.0000000002,-0.00686606073345597,-0.0068380716180640455,0.0,0.0,-0.02345159945422215
2025-12-12,42226.365950000494,1173006.3659500005,1177819.0000000002,0.0045353712311111405,0.004516755748074974,0.0,0.0,-0.019022589932599088
2025-12-15,42226.365950000494,1177881.3659500005,1182694.0000000002,0.004155987675354078,0.004139006078183405,0.0,0.0,-0.014945659906558273
2025-12-16,42226.365950000494,1167213.3659500005,1172026.0000000002,-0.009056939271125941,-0.009020084654187799,0.0,0.0,-0.02386723724354367
2025-12-17,42226.365950000494,1174869.3659500005,1179682.0000000002,0.006559212071538312,0.006532278294167471,0.0,0.0,-0.017464575442647567
2025-12-18,42226.365950000494,1176320.3659500005,1181133.0000000002,0.0012350309251842884,0.001229992489501397,0.0,0.0,-0.016251113808230078
2025-12-19,42226.365950000494,1185648.3659500005,1190461.0000000002,0.007929812549378745,0.007897501805469886,0.0,0.0,-0.008450169545069275
2025-12-22,42226.365950000494,1188195.3659500005,1193008.0000000002,0.002148191717836312,0.0021395073001131415,0.0,0.0,-0.006320130411463953
2025-12-23,42226.365950000494,1183839.3659500005,1188652.0000000002,-0.003666063784483198,-0.003651274760940404,0.0,0.0,-0.009963024194732495
2025-12-24,42226.365950000494,1189688.3659500005,1194501.0000000002,0.004940704092321058,0.0049207000871576145,0.0,0.0,-0.005071544456822119
2025-12-25,42226.365950000494,1196206.3659500005,1201019.0000000002,0.005478745683786812,0.005456671865490259,0.0,0.0,0.0
2025-12-26,42226.365950000494,1199085.3659500005,1203898.0000000002,0.002406775354111712,0.002397131102838568,0.0,0.0,0.0
2025-12-29,42226.365950000494,1189362.3659500005,1194175.0000000002,-0.00810868039599233,-0.008076265597251608,0.0,0.0,-0.00810868039599233
2025-12-30,42226.365950000494,1185565.3659500005,1190378.0000000002,-0.003192466912274594,-0.003179600979755892,0.0,0.0,-0.011275260614400429
2025-12-31,42226.365950000494,1178359.3659500005,1183172.0000000002,-0.006078112778054923,-0.006053539295921118,0.0,0.0,-0.01728484108683903
2026-01-05,51807.31795000048,1195795.3179500005,1201365.0000000005,0.014796803508192236,0.015376462593773566,0.7160718744911332,757.0479999999832,-0.002743797975879203
2026-01-06,51807.31795000048,1216651.3179500005,1222221.0000000005,0.017441111941928655,0.01736025271253938,0.0,0.0,0.0
2026-01-07,51807.31795000048,1210963.3179500005,1216533.0000000005,-0.004675127471676976,-0.004653822835640975,0.0,0.0,-0.004675127471676976
2026-01-08,51807.31795000048,1205954.3179500005,1211524.0000000005,-0.004136376325981184,-0.004117438655589334,0.0,0.0,-0.008792165711063338
2026-01-09,51807.31795000048,1216690.3179500005,1222260.0000000005,0.00890249310458957,0.008861566093614215,0.0,0.0,0.0
2026-01-12,51807.31795000048,1224819.3179500005,1230389.0000000005,0.006681239983644005,0.006650794429990281,0.0,0.0,0.0
2026-01-13,51807.31795000048,1217167.3179500005,1222737.0000000005,-0.006247452083632421,-0.006219171335244411,0.0,0.0,-0.006247452083632421
2026-01-14,51807.31795000048,1217775.3179500005,1223345.0000000005,0.0004995204776152562,0.000497245114853051,0.0,0.0,-0.005751052336265938
2026-01-15,51807.31795000048,1217320.3179500005,1222890.0000000005,-0.00037363214157271063,-0.00037193105787824976,0.0,0.0,-0.006122535699837894
2026-01-16,51807.31795000048,1210043.3179500005,1215613.0000000005,-0.0059778842862449055,-0.005950657867837661,0.0,0.0,-0.012063820176130835
2026-01-19,51807.31795000048,1222118.3179500005,1227688.0000000005,0.009978981595846426,0.009933260009558964,0.0,0.0,-0.0022052232197975474
2026-01-20,51807.31795000048,1232127.3179500005,1237697.0000000005,0.00818987806089777,0.008152722841634041,0.0,0.0,0.0
2026-01-21,51807.31795000048,1227410.3179500005,1232980.0000000005,-0.0038283381362309576,-0.00381111047372662,0.0,0.0,-0.0038283381362309576
2026-01-22,51807.31795000048,1232913.3179500005,1238483.0000000005,0.004483423285206678,0.004463170529935612,0.0,0.0,0.0
2026-01-23,51807.31795000048,1240132.3179500005,1245702.0000000005,0.005855237261937596,0.005828905200959467,0.0,0.0,0.0
2026-01-26,51807.31795000048,1237870.3179500005,1243440.0000000005,-0.0018239989130669487,-0.0018158435966226794,0.0,0.0,-0.0018239989130669487
2026-01-27,51807.31795000048,1232361.3179500005,1237931.0000000005,-0.004450385407999136,-0.004430451006884106,0.0,0.0,-0.0062662668229191976
2026-01-28,51807.31795000048,1233948.3179500005,1239518.0000000005,0.0012877716761183766,0.0012819777515871156,0.0,0.0,-0.004986564667730287
2026-01-29,51807.31795000048,1245852.3179500005,1251422.0000000005,0.00964708150806226,0.009603733063981323,0.0,0.0,0.0
2026-01-30,51807.31795000048,1228598.3179500005,1234168.0000000005,-0.01384915350833138,-0.013787515322569055,0.0,0.0,-0.01384915350833138
2026-02-02,31981.95640000049,1198859.9564000005,1205218.0000000002,-0.02420511335195419,-0.0234570982232567,0.729013695456199,788.3615499999848,-0.03771904652978775
2026-02-03,31981.95640000049,1215482.9564000005,1221841.0000000002,0.01386567289303442,0.013792525501610475,0.0,0.0,-0.02437637359777245
2026-02-04,31981.95640000049,1232383.9564000005,1238742.0000000002,0.013904760993158849,0.01383240536207242,0.0,0.0,-0.010810560253370682
2026-02-05,31981.95640000049,1225444.9564000005,1231803.0000000002,-0.00563055041731475,-0.005601650706926864,0.0,0.0,-0.01638024126613946
2026-02-06,31981.95640000049,1223718.9564000005,1230077.0000000002,-0.0014084679944095235,-0.001401198081186661,0.0,0.0,-0.01776563821498489
2026-02-09,31981.95640000049,1235342.9564000005,1241701.0000000002,0.00949891307902595,0.00944981493028485,0.0,0.0,-0.008435479389156453
2026-02-10,31981.95640000049,1230520.9564000005,1236879.0000000002,-0.003903369485387387,-0.0038833825534488886,0.0,0.0,-0.012305922081701559
2026-02-11,31981.95640000049,1234389.9564000005,1240748.0000000002,0.0031441967565664086,0.003128034350975417,0.0,0.0,-0.009200417565430885
2026-02-12,31981.95640000049,1238508.9564000005,1244867.0000000002,0.0033368709609504776,0.0033197716216346596,0.0,0.0,-0.005894247210683212
2026-02-13,31981.95640000049,1218908.9564000005,1225267.0000000002,-0.015825481034042466,-0.015744653846555545,0.0,0.0,-0.02162644894728316
2026-02-24,31981.95640000049,1239786.9564000005,1246145.0000000002,0.017128432677746774,0.01703955137941371,0.0,0.0,-0.004868443444388637
2026-02-25,31981.95640000049,1254550.9564000005,1260909.0000000002,0.011908497604193657,0.011847738425303733,0.0,0.0,0.0
2026-02-26,31981.95640000049,1252887.9564000005,1259246.0000000002,-0.0013255738967925534,-0.0013188897850677783,0.0,0.0,-0.0013255738967925534
2026-02-27,31981.95640000049,1270227.9564000005,1276586.0000000002,0.013840024490157976,0.013770144991526623,0.0,0.0,0.0
2026-03-02,39061.097550000595,1259311.0975500005,1266441.0000000002,-0.008594409212138499,-0.007946977328593618,0.6832749945606532,771.8588499999768,-0.008594409212138499
2026-03-03,39061.097550000595,1236204.0975500005,1243334.0000000002,-0.018348921124378914,-0.018245619022125736,0.0,0.0,-0.026785632199773146
2026-03-04,39061.097550000595,1221864.0975500005,1228994.0000000002,-0.011600026264611207,-0.011533505880157668,0.0,0.0,-0.03807494442735282
2026-03-05,39061.097550000595,1233267.0975500005,1240397.0000000002,0.00933246178757896,0.009278320317267719,0.0,0.0,-0.02909781560370639
2026-03-06,39061.097550000595,1251381.0975500005,1258511.0000000002,0.01468781583161105,0.01460338907623937,0.0,0.0,-0.014837383128784687
2026-03-09,39061.097550000595,1244776.0975500005,1251906.0000000002,-0.005278168267789485,-0.005248265609120617,0.0,0.0,-0.020037237191766755
2026-03-10,39061.097550000595,1256352.0975500005,1263482.0000000002,0.00929966443184771,0.009246700630878069,0.0,0.0,-0.010923912341943787
2026-03-11,39061.097550000595,1269332.0975500005,1276462.0000000002,0.010331498650189008,0.010273197402099976,0.0,0.0,-0.0007052740773703103
2026-03-12,39061.097550000595,1277874.0975500005,1285004.0000000002,0.006729523358376621,0.006691934424996493,0.0,0.0,0.0
2026-03-13,39061.097550000595,1264030.0975500005,1271160.0000000002,-0.010833618136984247,-0.010773507319821518,0.0,0.0,-0.010833618136984247
2026-03-16,39061.097550000595,1253490.0975500005,1260620.0000000002,-0.008338409046136697,-0.008291639132760653,0.0,0.0,-0.01908169204364507
2026-03-17,39061.097550000595,1251104.0975500005,1258234.0000000002,-0.0019034853204373814,-0.0018927194555060645,0.0,0.0,-0.02094885564338822
2026-03-18,39061.097550000595,1256481.0975500005,1263611.0000000002,0.0042978038442440525,0.004273449930616957,0.0,0.0,-0.016741085871460726
2026-03-19,39061.097550000595,1245429.0975500005,1252559.0000000002,-0.008795993844674777,-0.00874636260684658,0.0,0.0,-0.025389825227857044
2026-03-20,39061.097550000595,1238849.0975500005,1245979.0000000002,-0.005283319630916106,-0.005253245555698394,0.0,0.0,-0.03053900229672124
2026-03-23,39061.097550000595,1185050.0975500005,1192180.0000000002,-0.04342659659388315,-0.04317809529695127,0.0,0.0,-0.07263939395748487
2026-03-24,39061.097550000595,1225179.0975500005,1232309.0000000002,0.033862703427444574,0.03366018554245165,0.0,0.0,-0.04123645678477195
2026-03-25,39061.097550000595,1252945.0975500005,1260075.0000000002,0.022662809099113668,0.022531686452018196,0.0,0.0,-0.019508181633695387
2026-03-26,39061.097550000595,1248127.0975500005,1255257.0000000002,-0.0038453400786843117,-0.0038235819296470464,0.0,0.0,-0.023278506119681408
2026-03-27,39061.097550000595,1252954.0975500005,1260084.0000000002,0.0038673946022604877,0.003845427669393553,0.0,0.0,-0.01950113868633674
2026-03-30,39061.097550000595,1235655.0975500005,1242785.0000000002,-0.013806571233396459,-0.013728449849375157,0.0,0.0,-0.03303846605932792
2026-03-31,39061.097550000595,1226554.0975500005,1233684.0000000002,-0.0073653238820808875,-0.0073230687528413885,0.0,0.0,-0.04016045093831477
2026-04-01,668668.8280600009,1234413.828060001,1242595.0000000007,0.006407977051888558,0.007223081437386369,0.8547923015334103,1051.2694899999838,-0.034009821134432294
2026-04-02,668668.8280600009,1230446.828060001,1238628.0000000007,-0.003213671063807322,-0.003192512443716544,0.0,0.0,-0.03711419582017461
2026-04-03,668668.8280600009,1220834.828060001,1229016.0000000007,-0.007811796317241049,-0.007760199188133976,0.0,0.0,-0.04463606359919026
2026-04-07,668668.8280600009,1222466.828060001,1230648.0000000007,0.0013367901721752506,0.001327891581557994,0.0,0.0,-0.04335894247815886
2026-04-08,668668.8280600009,1237024.828060001,1245206.0000000007,0.011908707595037926,0.01182954020971061,0.0,0.0,-0.031966583850723485
2026-04-09,668668.8280600009,1229775.828060001,1237957.0000000007,-0.0058600278956150165,-0.0058215267192737175,0.0,0.0,-0.037639286673245675
2026-04-10,668668.8280600009,1234715.828060001,1242897.0000000007,0.00401699227394392,0.003990445548593291,0.0,0.0,-0.033773491123064936
2026-04-13,668668.8280600009,1234938.828060001,1243120.0000000007,0.0001806083593747232,0.00017941953355737894,0.0,0.0,-0.033598982538512345
2026-04-14,668668.8280600009,1236480.828060001,1244662.0000000007,0.0012486448437469821,0.0012404273119248632,0.0,0.0,-0.03239229089106721
2026-04-15,668668.8280600009,1235342.828060001,1243524.0000000007,-0.0009203539385123083,-0.0009143044457049498,0.0,0.0,-0.033282832457080525
2026-04-16,668668.8280600009,1237141.828060001,1245323.0000000007,0.001456275909113458,0.0014466950376510468,0.0,0.0,-0.031875025535061274
2026-04-17,668668.8280600009,1235089.828060001,1243271.0000000007,-0.0016586618877948434,-0.0016477652785662489,0.0,0.0,-0.03348081753282861
2026-04-20,668668.8280600009,1236582.828060001,1244764.0000000007,0.0012088189588161935,0.0012008644937426816,0.0,0.0,-0.03231247082100275
2026-04-21,668668.8280600009,1235180.828060001,1243362.0000000007,-0.00113376958517164,-0.0011263179205054374,0.0,0.0,-0.03340960550953587
2026-04-22,668668.8280600009,1236543.828060001,1244725.0000000007,0.0011034821534112726,0.0010962213739844628,0.0,0.0,-0.03234299025955678
2026-04-23,668668.8280600009,1234076.828060001,1242258.0000000007,-0.0019950768780031547,-0.001981963887605742,0.0,0.0,-0.03427354038552766
2026-04-24,668668.8280600009,1230389.828060001,1238571.0000000007,-0.002987658398704407,-0.0029679824963896317,0.0,0.0,-0.03715880115344594
2026-04-27,668668.8280600009,1229385.828060001,1237567.0000000007,-0.0008160015444723667,-0.0008106115838333317,0.0,0.0,-0.03794448105878634
2026-04-28,668668.8280600009,1232883.828060001,1241065.0000000007,0.0028453231850897875,0.0028265136352214615,0.0,0.0,-0.03520712218539923
2026-04-29,668668.8280600009,1239173.828060001,1247355.0000000007,0.005101859442748546,0.005068227691539029,0.0,0.0,-0.030284884531424194
2026-04-30,668668.8280600009,1225320.828060001,1233502.0000000007,-0.011179222548371337,-0.011105900084579012,0.0,0.0,-0.04112554561576698
2026-05-06,53814.117320000914,1240665.117320001,1249465.0000000007,0.012522670723139395,0.012941203175998117,0.7371571422890805,618.710739999982,-0.029117876558683253
2026-05-07,53814.117320000914,1237642.117320001,1246442.0000000007,-0.002436596272272107,-0.002419435518401847,0.0,0.0,-0.03148352432147605
2026-05-08,53814.117320000914,1238490.117320001,1247290.0000000007,0.0006851738383275574,0.0006803365098415615,0.0,0.0,-0.0308199221703519
2026-05-11,53814.117320000914,1244348.117320001,1253148.0000000007,0.004729952962948314,0.004696582190188314,0.0,0.0,-0.026235745989590997
2026-05-12,53814.117320000914,1235720.117320001,1244520.0000000007,-0.006933750997737187,-0.006885060663225695,0.0,0.0,-0.0329875848573965
2026-05-13,53814.117320000914,1232493.117320001,1241293.0000000007,-0.0026114327627834166,-0.002592967569826077,0.0,0.0,-0.035512872760318226
2026-05-14,53814.117320000914,1214940.117320001,1223740.0000000007,-0.014241864521051584,-0.01414089985200917,0.0,0.0,-0.04924896775876397
2026-05-15,53814.117320000914,1196487.117320001,1205287.0000000007,-0.01518840289898804,-0.015079183486688352,0.0,0.0,-0.0636893574930727
2026-05-18,53814.117320000914,1191599.117320001,1200399.0000000007,-0.004085292628096648,-0.004055465627688659,0.0,0.0,-0.06751446045851472
2026-05-19,53814.117320000914,1201293.117320001,1210093.0000000007,0.008135286321630186,0.008075648180313477,0.0,0.0,-0.05992842360356487
2026-05-20,53814.117320000914,1191884.117320001,1200684.0000000007,-0.007832393163952234,-0.007775435441738754,0.0,0.0,-0.06729143379215807
2026-05-21,53814.117320000914,1183765.117320001,1192565.0000000007,-0.006811903843685685,-0.006761979005300289,0.0,0.0,-0.07364495485934786
2026-05-22,53814.117320000914,1183247.117320001,1192047.0000000007,-0.00043758680875205513,-0.0004343578756713651,0.0,0.0,-0.07405031560732223
2026-05-25,53814.117320000914,1187255.117320001,1196055.0000000007,0.003387289046668407,0.00336228353412249,0.0,0.0,-0.07091385638361292
2026-05-26,53814.117320000914,1191998.117320001,1200798.0000000007,0.00399492908542376,0.003965536701907579,0.0,0.0,-0.06720222312561541
2026-05-27,53814.117320000914,1180753.117320001,1189553.0000000007,-0.0094337397321419,-0.009364605870429532,0.0,0.0,-0.07600199457536894
2026-05-28,53814.117320000914,1168786.117320001,1177586.0000000007,-0.010135056875532067,-0.01006008139191783,0.0,0.0,-0.08536676691322576
2026-05-29,53814.117320000914,1177598.117320001,1186398.0000000007,0.0075394461565010396,0.007483105267895418,0.0,0.0,-0.07847093889942158
2026-06-01,43062.72522000095,1187216.7252200008,1196660.0000000007,0.008167988517075786,0.008649711142466598,0.5855902704475967,643.3920999999967,-0.07094390011020035
2026-06-02,43062.72522000095,1184094.7252200008,1193538.0000000007,-0.0026296799343198396,-0.002608928183443937,0.0,0.0,-0.07338702029393807
2026-06-03,43062.72522000095,1178119.7252200008,1187563.0000000007,-0.0050460489965360455,-0.005006124647895627,0.0,0.0,-0.07806275479036107
2026-06-04,43062.72522000095,1160441.7252200008,1169885.0000000007,-0.015005266121572491,-0.014885947103437824,0.0,0.0,-0.09189666850212119
2026-06-05,43062.72522000095,1159314.7252200008,1168758.0000000007,-0.0009711819003977995,-0.0009633425507635796,0.0,0.0,-0.09277860202136279
2026-06-08,43062.72522000095,1134546.7252200008,1143990.0000000007,-0.021364345212901426,-0.021191726602085237,0.0,0.0,-0.11216079315230942
2026-06-09,43062.72522000095,1132491.7252200008,1141935.0000000007,-0.0018112960482976614,-0.0017963443736396245,0.0,0.0,-0.11376893279919631
2026-06-10,43062.72522000095,1136576.7252200008,1146020.0000000007,0.0036070903734033433,0.0035772614027944627,0.0,0.0,-0.11057221724808541
2026-06-11,43062.72522000095,1129876.7252200008,1139320.0000000007,-0.005894894600013134,-0.005846320308546149,0.0,0.0,-0.11581530028173126
2026-06-12,43062.72522000095,1152152.7252200008,1161596.0000000007,0.019715425145749865,0.01955201348172597,0.0,0.0,-0.09838322301941838
2026-06-15,43062.72522000095,1159533.7252200008,1168977.0000000007,0.00640626875103778,0.006354188547481154,0.0,0.0,-0.09260722363563623
2026-06-16,43062.72522000095,1148098.7252200008,1157542.0000000007,-0.009861722648757287,-0.009782057303094893,0.0,0.0,-0.10155567952962741
2026-06-17,43062.72522000095,1138370.7252200008,1147814.0000000007,-0.008473138926389678,-0.008404014713936925,0.0,0.0,-0.10916832307459867
2026-06-18,43062.72522000095,1120408.7252200008,1129852.0000000007,-0.015778691073181528,-0.01564887690862804,0.0,0.0,-0.12322448090300886
2026-06-22,43062.72522000095,1137935.7252200008,1147379.0000000007,0.01564339834693662,0.01551265121449541,0.0,0.0,-0.10950873219693236
2026-06-23,43062.72522000095,1133305.7252200008,1142749.0000000007,-0.004068771106650049,-0.0040352838948595204,0.0,0.0,-0.11313193733809368
2026-06-24,43062.72522000095,1118611.7252200008,1128055.0000000007,-0.012965609961202218,-0.01285846673241453,0.0,0.0,-0.12463072272561504
