date,selected_count,benchmark_count,overlap_count,selected_overlap_ratio,benchmark_coverage_ratio
2018-01-02,281,1000,281,1.0,0.281
2018-01-03,282,1000,282,1.0,0.282
2018-01-04,283,1000,283,1.0,0.283
2018-01-05,285,1000,285,1.0,0.285
2018-01-08,285,1000,285,1.0,0.285
2018-01-09,285,1000,285,1.0,0.285
2018-01-10,287,1000,287,1.0,0.287
2018-01-11,286,1000,286,1.0,0.286
2018-01-12,284,1000,284,1.0,0.284
2018-01-15,284,1000,284,1.0,0.284
2018-01-16,285,1000,285,1.0,0.285
2018-01-17,285,1000,285,1.0,0.285
2018-01-18,285,1000,285,1.0,0.285
2018-01-19,285,1000,285,1.0,0.285
2018-01-22,285,1000,285,1.0,0.285
2018-01-23,285,1000,285,1.0,0.285
2018-01-24,285,1000,285,1.0,0.285
2018-01-25,285,1000,285,1.0,0.285
2018-01-26,285,1000,285,1.0,0.285
2018-01-29,285,1000,285,1.0,0.285
2018-01-30,285,1000,285,1.0,0.285
2018-01-31,285,1000,285,1.0,0.285
2018-02-01,285,1000,285,1.0,0.285
2018-02-02,285,1000,285,1.0,0.285
2018-02-05,286,1000,286,1.0,0.286
2018-02-06,285,1000,285,1.0,0.285
2018-02-07,285,1000,285,1.0,0.285
2018-02-08,285,1000,285,1.0,0.285
2018-02-09,285,1000,285,1.0,0.285
2018-02-12,285,1000,285,1.0,0.285
2018-02-13,287,1000,287,1.0,0.287
2018-02-14,287,1000,287,1.0,0.287
2018-02-22,289,1000,289,1.0,0.289
2018-02-23,290,1000,290,1.0,0.29
2018-02-26,290,1000,290,1.0,0.29
2018-02-27,290,1000,290,1.0,0.29
2018-02-28,290,1000,290,1.0,0.29
2018-03-01,290,1000,290,1.0,0.29
2018-03-02,289,1000,289,1.0,0.289
2018-03-05,289,1000,289,1.0,0.289
2018-03-06,290,1000,290,1.0,0.29
2018-03-07,290,1000,290,1.0,0.29
2018-03-08,289,1000,289,1.0,0.289
2018-03-09,289,1000,289,1.0,0.289
2018-03-12,290,1000,290,1.0,0.29
2018-03-13,290,1000,290,1.0,0.29
2018-03-14,290,1000,290,1.0,0.29
2018-03-15,290,1000,290,1.0,0.29
2018-03-16,289,1000,289,1.0,0.289
2018-03-19,290,1000,290,1.0,0.29
2018-03-20,290,1000,290,1.0,0.29
2018-03-21,290,1000,290,1.0,0.29
2018-03-22,291,1000,291,1.0,0.291
2018-03-23,291,1000,291,1.0,0.291
2018-03-26,291,1000,291,1.0,0.291
2018-03-27,292,1000,292,1.0,0.292
2018-03-28,292,1000,292,1.0,0.292
2018-03-29,292,1000,292,1.0,0.292
2018-03-30,292,1000,292,1.0,0.292
2018-04-02,293,1000,293,1.0,0.293
2018-04-03,294,1000,294,1.0,0.294
2018-04-04,294,1000,294,1.0,0.294
2018-04-09,294,1000,294,1.0,0.294
2018-04-10,293,1000,293,1.0,0.293
2018-04-11,293,1000,293,1.0,0.293
2018-04-12,293,1000,293,1.0,0.293
2018-04-13,293,1000,293,1.0,0.293
2018-04-16,292,1000,292,1.0,0.292
2018-04-17,291,1000,291,1.0,0.291
2018-04-18,291,1000,291,1.0,0.291
2018-04-19,291,1000,291,1.0,0.291
2018-04-20,291,1000,291,1.0,0.291
2018-04-23,291,1000,291,1.0,0.291
2018-04-24,291,1000,291,1.0,0.291
2018-04-25,291,1000,291,1.0,0.291
2018-04-26,291,1000,291,1.0,0.291
2018-04-27,291,1000,291,1.0,0.291
2018-05-02,290,1000,290,1.0,0.29
2018-05-03,290,1000,290,1.0,0.29
2018-05-04,290,1000,290,1.0,0.29
2018-05-07,292,1000,292,1.0,0.292
2018-05-08,292,1000,292,1.0,0.292
2018-05-09,292,1000,292,1.0,0.292
2018-05-10,292,1000,292,1.0,0.292
2018-05-11,292,1000,292,1.0,0.292
2018-05-14,292,1000,292,1.0,0.292
2018-05-15,293,1000,293,1.0,0.293
2018-05-16,293,1000,293,1.0,0.293
2018-05-17,292,1000,292,1.0,0.292
2018-05-18,292,1000,292,1.0,0.292
2018-05-21,292,1000,292,1.0,0.292
2018-05-22,292,1000,292,1.0,0.292
2018-05-23,292,1000,292,1.0,0.292
2018-05-24,292,1000,292,1.0,0.292
2018-05-25,293,1000,293,1.0,0.293
2018-05-28,293,1000,293,1.0,0.293
2018-05-29,293,1000,293,1.0,0.293
2018-05-30,293,1000,293,1.0,0.293
2018-05-31,294,1000,294,1.0,0.294
2018-06-01,293,1000,293,1.0,0.293
2018-06-04,293,1000,293,1.0,0.293
2018-06-05,293,1000,293,1.0,0.293
2018-06-06,293,1000,293,1.0,0.293
2018-06-07,293,1000,293,1.0,0.293
2018-06-08,293,1000,293,1.0,0.293
2018-06-11,293,1000,293,1.0,0.293
2018-06-12,291,1000,291,1.0,0.291
2018-06-13,291,1000,291,1.0,0.291
2018-06-14,291,1000,291,1.0,0.291
2018-06-15,291,1000,291,1.0,0.291
2018-06-19,291,1000,291,1.0,0.291
2018-06-20,291,1000,291,1.0,0.291
2018-06-21,291,1000,291,1.0,0.291
2018-06-22,291,1000,291,1.0,0.291
2018-06-25,290,1000,290,1.0,0.29
2018-06-26,291,1000,291,1.0,0.291
2018-06-27,291,1000,291,1.0,0.291
2018-06-28,291,1000,291,1.0,0.291
2018-06-29,292,1000,292,1.0,0.292
2018-07-02,293,1000,293,1.0,0.293
2018-07-03,293,1000,293,1.0,0.293
2018-07-04,293,1000,293,1.0,0.293
2018-07-05,293,1000,293,1.0,0.293
2018-07-06,293,1000,293,1.0,0.293
2018-07-09,293,1000,293,1.0,0.293
2018-07-10,293,1000,293,1.0,0.293
2018-07-11,293,1000,293,1.0,0.293
2018-07-12,293,1000,293,1.0,0.293
2018-07-13,293,1000,293,1.0,0.293
2018-07-16,293,1000,293,1.0,0.293
2018-07-17,293,1000,293,1.0,0.293
2018-07-18,293,1000,293,1.0,0.293
2018-07-19,293,1000,293,1.0,0.293
2018-07-20,293,1000,293,1.0,0.293
2018-07-23,293,1000,293,1.0,0.293
2018-07-24,293,1000,293,1.0,0.293
2018-07-25,293,1000,293,1.0,0.293
2018-07-26,294,1000,294,1.0,0.294
2018-07-27,294,1000,294,1.0,0.294
2018-07-30,295,1000,295,1.0,0.295
2018-07-31,295,1000,295,1.0,0.295
2018-08-01,295,1000,295,1.0,0.295
2018-08-02,295,1000,295,1.0,0.295
2018-08-03,295,1000,295,1.0,0.295
2018-08-06,295,1000,295,1.0,0.295
2018-08-07,295,1000,295,1.0,0.295
2018-08-08,295,1000,295,1.0,0.295
2018-08-09,294,1000,294,1.0,0.294
2018-08-10,294,1000,294,1.0,0.294
2018-08-13,294,1000,294,1.0,0.294
2018-08-14,294,1000,294,1.0,0.294
2018-08-15,294,1000,294,1.0,0.294
2018-08-16,295,1000,295,1.0,0.295
2018-08-17,295,1000,295,1.0,0.295
2018-08-20,296,1000,296,1.0,0.296
2018-08-21,296,1000,296,1.0,0.296
2018-08-22,296,1000,296,1.0,0.296
2018-08-23,296,1000,296,1.0,0.296
2018-08-24,296,1000,296,1.0,0.296
2018-08-27,296,1000,296,1.0,0.296
2018-08-28,296,1000,296,1.0,0.296
2018-08-29,296,1000,296,1.0,0.296
2018-08-30,296,1000,296,1.0,0.296
2018-08-31,296,1000,296,1.0,0.296
2018-09-03,296,1000,296,1.0,0.296
2018-09-04,296,1000,296,1.0,0.296
2018-09-05,296,1000,296,1.0,0.296
2018-09-06,295,1000,295,1.0,0.295
2018-09-07,295,1000,295,1.0,0.295
2018-09-10,295,1000,295,1.0,0.295
2018-09-11,295,1000,295,1.0,0.295
2018-09-12,295,1000,295,1.0,0.295
2018-09-13,295,1000,295,1.0,0.295
2018-09-14,295,1000,295,1.0,0.295
2018-09-17,294,1000,294,1.0,0.294
2018-09-18,294,1000,294,1.0,0.294
2018-09-19,294,1000,294,1.0,0.294
2018-09-20,295,1000,295,1.0,0.295
2018-09-21,295,1000,295,1.0,0.295
2018-09-25,295,1000,295,1.0,0.295
2018-09-26,295,1000,295,1.0,0.295
2018-09-27,295,1000,295,1.0,0.295
2018-09-28,295,1000,295,1.0,0.295
2018-10-08,295,1000,295,1.0,0.295
2018-10-09,295,1000,295,1.0,0.295
2018-10-10,296,1000,296,1.0,0.296
2018-10-11,295,1000,295,1.0,0.295
2018-10-12,295,1000,295,1.0,0.295
2018-10-15,295,1000,295,1.0,0.295
2018-10-16,295,1000,295,1.0,0.295
2018-10-17,295,1000,295,1.0,0.295
2018-10-18,295,1000,295,1.0,0.295
2018-10-19,295,1000,295,1.0,0.295
2018-10-22,295,1000,295,1.0,0.295
2018-10-23,295,1000,295,1.0,0.295
2018-10-24,295,1000,295,1.0,0.295
2018-10-25,295,1000,295,1.0,0.295
2018-10-26,295,1000,295,1.0,0.295
2018-10-29,295,1000,295,1.0,0.295
2018-10-30,295,1000,295,1.0,0.295
2018-10-31,295,1000,295,1.0,0.295
2018-11-01,295,1000,295,1.0,0.295
2018-11-02,295,1000,295,1.0,0.295
2018-11-05,295,1000,295,1.0,0.295
2018-11-06,294,1000,294,1.0,0.294
2018-11-07,294,1000,294,1.0,0.294
2018-11-08,294,1000,294,1.0,0.294
2018-11-09,294,1000,294,1.0,0.294
2018-11-12,294,1000,294,1.0,0.294
2018-11-13,294,1000,294,1.0,0.294
2018-11-14,294,1000,294,1.0,0.294
2018-11-15,294,1000,294,1.0,0.294
2018-11-16,294,1000,294,1.0,0.294
2018-11-19,294,1000,294,1.0,0.294
2018-11-20,294,1000,294,1.0,0.294
2018-11-21,294,1000,294,1.0,0.294
2018-11-22,294,1000,294,1.0,0.294
2018-11-23,293,1000,293,1.0,0.293
2018-11-26,293,1000,293,1.0,0.293
2018-11-27,294,1000,294,1.0,0.294
2018-11-28,294,1000,294,1.0,0.294
2018-11-29,294,1000,294,1.0,0.294
2018-11-30,294,1000,294,1.0,0.294
2018-12-03,294,1000,294,1.0,0.294
2018-12-04,294,1000,294,1.0,0.294
2018-12-05,294,1000,294,1.0,0.294
2018-12-06,294,1000,294,1.0,0.294
2018-12-07,294,1000,294,1.0,0.294
2018-12-10,294,1000,294,1.0,0.294
2018-12-11,294,1000,294,1.0,0.294
2018-12-12,294,1000,294,1.0,0.294
2018-12-13,293,1000,293,1.0,0.293
2018-12-14,293,1000,293,1.0,0.293
2018-12-17,293,1000,293,1.0,0.293
2018-12-18,293,1000,293,1.0,0.293
2018-12-19,293,1000,293,1.0,0.293
2018-12-20,293,1000,293,1.0,0.293
2018-12-21,293,1000,293,1.0,0.293
2018-12-24,293,1000,293,1.0,0.293
2018-12-25,293,1000,293,1.0,0.293
2018-12-26,294,1000,294,1.0,0.294
2018-12-27,294,1000,294,1.0,0.294
2018-12-28,294,1000,294,1.0,0.294
2019-01-02,293,1000,293,1.0,0.293
2019-01-03,293,1000,293,1.0,0.293
2019-01-04,293,1000,293,1.0,0.293
2019-01-07,293,1000,293,1.0,0.293
2019-01-08,294,1000,294,1.0,0.294
2019-01-09,294,1000,294,1.0,0.294
2019-01-10,295,1000,295,1.0,0.295
2019-01-11,295,1000,295,1.0,0.295
2019-01-14,295,1000,295,1.0,0.295
2019-01-15,295,1000,295,1.0,0.295
2019-01-16,295,1000,295,1.0,0.295
2019-01-17,295,1000,295,1.0,0.295
2019-01-18,294,1000,294,1.0,0.294
2019-01-21,294,1000,294,1.0,0.294
2019-01-22,294,1000,294,1.0,0.294
2019-01-23,295,1000,295,1.0,0.295
2019-01-24,295,1000,295,1.0,0.295
2019-01-25,295,1000,295,1.0,0.295
2019-01-28,293,1000,293,1.0,0.293
2019-01-29,293,1000,293,1.0,0.293
2019-01-30,293,1000,293,1.0,0.293
2019-01-31,293,1000,293,1.0,0.293
2019-02-01,293,1000,293,1.0,0.293
2019-02-11,293,1000,293,1.0,0.293
2019-02-12,293,1000,293,1.0,0.293
2019-02-13,293,1000,293,1.0,0.293
2019-02-14,292,1000,292,1.0,0.292
2019-02-15,292,1000,292,1.0,0.292
2019-02-18,293,1000,293,1.0,0.293
2019-02-19,293,1000,293,1.0,0.293
2019-02-20,293,1000,293,1.0,0.293
2019-02-21,292,1000,292,1.0,0.292
2019-02-22,292,1000,292,1.0,0.292
2019-02-25,292,1000,292,1.0,0.292
2019-02-26,292,1000,292,1.0,0.292
2019-02-27,292,1000,292,1.0,0.292
2019-02-28,292,1000,292,1.0,0.292
2019-03-01,292,1000,292,1.0,0.292
2019-03-04,292,1000,292,1.0,0.292
2019-03-05,292,1000,292,1.0,0.292
2019-03-06,292,1000,292,1.0,0.292
2019-03-07,293,1000,293,1.0,0.293
2019-03-08,293,1000,293,1.0,0.293
2019-03-11,293,1000,293,1.0,0.293
2019-03-12,293,1000,293,1.0,0.293
2019-03-13,293,1000,293,1.0,0.293
2019-03-14,293,1000,293,1.0,0.293
2019-03-15,293,1000,293,1.0,0.293
2019-03-18,293,1000,293,1.0,0.293
2019-03-19,293,1000,293,1.0,0.293
2019-03-20,293,1000,293,1.0,0.293
2019-03-21,293,1000,293,1.0,0.293
2019-03-22,293,1000,293,1.0,0.293
2019-03-25,293,1000,293,1.0,0.293
2019-03-26,293,1000,293,1.0,0.293
2019-03-27,293,1000,293,1.0,0.293
2019-03-28,293,1000,293,1.0,0.293
2019-03-29,293,1000,293,1.0,0.293
2019-04-01,293,1000,293,1.0,0.293
2019-04-02,293,1000,293,1.0,0.293
2019-04-03,293,1000,293,1.0,0.293
2019-04-04,294,1000,294,1.0,0.294
2019-04-08,294,1000,294,1.0,0.294
2019-04-09,294,1000,294,1.0,0.294
2019-04-10,294,1000,294,1.0,0.294
2019-04-11,294,1000,294,1.0,0.294
2019-04-12,294,1000,294,1.0,0.294
2019-04-15,295,1000,295,1.0,0.295
2019-04-16,294,1000,294,1.0,0.294
2019-04-17,295,1000,295,1.0,0.295
2019-04-18,294,1000,294,1.0,0.294
2019-04-19,294,1000,294,1.0,0.294
2019-04-22,294,1000,294,1.0,0.294
2019-04-23,294,1000,294,1.0,0.294
2019-04-24,293,1000,293,1.0,0.293
2019-04-25,293,1000,293,1.0,0.293
2019-04-26,292,1000,292,1.0,0.292
2019-04-29,292,1000,292,1.0,0.292
2019-04-30,292,1000,292,1.0,0.292
2019-05-06,292,1000,292,1.0,0.292
2019-05-07,292,1000,292,1.0,0.292
2019-05-08,292,1000,292,1.0,0.292
2019-05-09,292,1000,292,1.0,0.292
2019-05-10,292,1000,292,1.0,0.292
2019-05-13,292,1000,292,1.0,0.292
2019-05-14,292,1000,292,1.0,0.292
2019-05-15,292,1000,292,1.0,0.292
2019-05-16,293,1000,293,1.0,0.293
2019-05-17,294,1000,294,1.0,0.294
2019-05-20,294,1000,294,1.0,0.294
2019-05-21,293,1000,293,1.0,0.293
2019-05-22,293,1000,293,1.0,0.293
2019-05-23,293,1000,293,1.0,0.293
2019-05-24,293,1000,293,1.0,0.293
2019-05-27,294,1000,294,1.0,0.294
2019-05-28,295,1000,295,1.0,0.295
2019-05-29,295,1000,295,1.0,0.295
2019-05-30,295,1000,295,1.0,0.295
2019-05-31,295,1000,295,1.0,0.295
2019-06-03,295,1000,295,1.0,0.295
2019-06-04,295,1000,295,1.0,0.295
2019-06-05,295,1000,295,1.0,0.295
2019-06-06,295,1000,295,1.0,0.295
2019-06-10,295,1000,295,1.0,0.295
2019-06-11,295,1000,295,1.0,0.295
2019-06-12,295,1000,295,1.0,0.295
2019-06-13,295,1000,295,1.0,0.295
2019-06-14,295,1000,295,1.0,0.295
2019-06-17,295,1000,295,1.0,0.295
2019-06-18,295,1000,295,1.0,0.295
2019-06-19,295,1000,295,1.0,0.295
2019-06-20,295,1000,295,1.0,0.295
2019-06-21,295,1000,295,1.0,0.295
2019-06-24,295,1000,295,1.0,0.295
2019-06-25,295,1000,295,1.0,0.295
2019-06-26,295,1000,295,1.0,0.295
2019-06-27,295,1000,295,1.0,0.295
2019-06-28,295,1000,295,1.0,0.295
2019-07-01,295,1000,295,1.0,0.295
2019-07-02,295,1000,295,1.0,0.295
2019-07-03,295,1000,295,1.0,0.295
2019-07-04,294,1000,294,1.0,0.294
2019-07-05,294,1000,294,1.0,0.294
2019-07-08,294,1000,294,1.0,0.294
2019-07-09,294,1000,294,1.0,0.294
2019-07-10,294,1000,294,1.0,0.294
2019-07-11,294,1000,294,1.0,0.294
2019-07-12,294,1000,294,1.0,0.294
2019-07-15,294,1000,294,1.0,0.294
2019-07-16,294,1000,294,1.0,0.294
2019-07-17,294,1000,294,1.0,0.294
2019-07-18,294,1000,294,1.0,0.294
2019-07-19,294,1000,294,1.0,0.294
2019-07-22,290,1000,290,1.0,0.29
2019-07-23,291,1000,291,1.0,0.291
2019-07-24,291,1000,291,1.0,0.291
2019-07-25,291,1000,291,1.0,0.291
2019-07-26,291,1000,291,1.0,0.291
2019-07-29,292,1000,292,1.0,0.292
2019-07-30,292,1000,292,1.0,0.292
2019-07-31,292,1000,292,1.0,0.292
2019-08-01,292,1000,292,1.0,0.292
2019-08-02,292,1000,292,1.0,0.292
2019-08-05,292,1000,292,1.0,0.292
2019-08-06,292,1000,292,1.0,0.292
2019-08-07,290,1000,290,1.0,0.29
2019-08-08,289,1000,289,1.0,0.289
2019-08-09,289,1000,289,1.0,0.289
2019-08-12,289,1000,289,1.0,0.289
2019-08-13,290,1000,290,1.0,0.29
2019-08-14,290,1000,290,1.0,0.29
2019-08-15,290,1000,290,1.0,0.29
2019-08-16,290,1000,290,1.0,0.29
2019-08-19,290,1000,290,1.0,0.29
2019-08-20,290,1000,290,1.0,0.29
2019-08-21,290,1000,290,1.0,0.29
2019-08-22,290,1000,290,1.0,0.29
2019-08-23,290,1000,290,1.0,0.29
2019-08-26,289,1000,289,1.0,0.289
2019-08-27,289,1000,289,1.0,0.289
2019-08-28,289,1000,289,1.0,0.289
2019-08-29,288,1000,288,1.0,0.288
2019-08-30,288,1000,288,1.0,0.288
2019-09-02,288,1000,288,1.0,0.288
2019-09-03,288,1000,288,1.0,0.288
2019-09-04,288,1000,288,1.0,0.288
2019-09-05,288,1000,288,1.0,0.288
2019-09-06,289,1000,289,1.0,0.289
2019-09-09,289,1000,289,1.0,0.289
2019-09-10,289,1000,289,1.0,0.289
2019-09-11,289,1000,289,1.0,0.289
2019-09-12,289,1000,289,1.0,0.289
2019-09-16,289,1000,289,1.0,0.289
2019-09-17,289,1000,289,1.0,0.289
2019-09-18,289,1000,289,1.0,0.289
2019-09-19,289,1000,289,1.0,0.289
2019-09-20,289,1000,289,1.0,0.289
2019-09-23,289,1000,289,1.0,0.289
2019-09-24,289,1000,289,1.0,0.289
2019-09-25,288,1000,288,1.0,0.288
2019-09-26,288,1000,288,1.0,0.288
2019-09-27,288,1000,288,1.0,0.288
2019-09-30,288,1000,288,1.0,0.288
2019-10-08,288,1000,288,1.0,0.288
2019-10-09,288,1000,288,1.0,0.288
2019-10-10,288,1000,288,1.0,0.288
2019-10-11,288,1000,288,1.0,0.288
2019-10-14,288,1000,288,1.0,0.288
2019-10-15,288,1000,288,1.0,0.288
2019-10-16,288,1000,288,1.0,0.288
2019-10-17,288,1000,288,1.0,0.288
2019-10-18,288,1000,288,1.0,0.288
2019-10-21,288,1000,288,1.0,0.288
2019-10-22,288,1000,288,1.0,0.288
2019-10-23,288,1000,288,1.0,0.288
2019-10-24,288,1000,288,1.0,0.288
2019-10-25,288,1000,288,1.0,0.288
2019-10-28,288,1000,288,1.0,0.288
2019-10-29,288,1000,288,1.0,0.288
2019-10-30,287,1000,287,1.0,0.287
2019-10-31,286,1000,286,1.0,0.286
2019-11-01,286,1000,286,1.0,0.286
2019-11-04,286,1000,286,1.0,0.286
2019-11-05,286,1000,286,1.0,0.286
2019-11-06,286,1000,286,1.0,0.286
2019-11-07,286,1000,286,1.0,0.286
2019-11-08,286,1000,286,1.0,0.286
2019-11-11,286,1000,286,1.0,0.286
2019-11-12,286,1000,286,1.0,0.286
2019-11-13,286,1000,286,1.0,0.286
2019-11-14,286,1000,286,1.0,0.286
2019-11-15,286,1000,286,1.0,0.286
2019-11-18,286,1000,286,1.0,0.286
2019-11-19,290,1000,290,1.0,0.29
2019-11-20,289,1000,289,1.0,0.289
2019-11-21,288,1000,288,1.0,0.288
2019-11-22,288,1000,288,1.0,0.288
2019-11-25,289,1000,289,1.0,0.289
2019-11-26,288,1000,288,1.0,0.288
2019-11-27,288,1000,288,1.0,0.288
2019-11-28,288,1000,288,1.0,0.288
2019-11-29,288,1000,288,1.0,0.288
2019-12-02,288,1000,288,1.0,0.288
2019-12-03,288,1000,288,1.0,0.288
2019-12-04,289,1000,289,1.0,0.289
2019-12-05,289,1000,289,1.0,0.289
2019-12-06,289,1000,289,1.0,0.289
2019-12-09,287,1000,287,1.0,0.287
2019-12-10,287,1000,287,1.0,0.287
2019-12-11,287,1000,287,1.0,0.287
2019-12-12,287,1000,287,1.0,0.287
2019-12-13,288,1000,288,1.0,0.288
2019-12-16,288,1000,288,1.0,0.288
2019-12-17,288,1000,288,1.0,0.288
2019-12-18,288,1000,288,1.0,0.288
2019-12-19,289,1000,289,1.0,0.289
2019-12-20,289,1000,289,1.0,0.289
2019-12-23,290,1000,290,1.0,0.29
2019-12-24,290,1000,290,1.0,0.29
2019-12-25,290,1000,290,1.0,0.29
2019-12-26,290,1000,290,1.0,0.29
2019-12-27,290,1000,290,1.0,0.29
2019-12-30,290,1000,290,1.0,0.29
2019-12-31,290,1000,290,1.0,0.29
2020-01-02,290,1000,290,1.0,0.29
2020-01-03,290,1000,290,1.0,0.29
2020-01-06,290,1000,290,1.0,0.29
2020-01-07,290,1000,290,1.0,0.29
2020-01-08,290,1000,290,1.0,0.29
2020-01-09,290,1000,290,1.0,0.29
2020-01-10,290,1000,290,1.0,0.29
2020-01-13,290,1000,290,1.0,0.29
2020-01-14,290,1000,290,1.0,0.29
2020-01-15,290,1000,290,1.0,0.29
2020-01-16,290,1000,290,1.0,0.29
2020-01-17,290,1000,290,1.0,0.29
2020-01-20,289,1000,289,1.0,0.289
2020-01-21,288,1000,288,1.0,0.288
2020-01-22,287,1000,287,1.0,0.287
2020-01-23,286,1000,286,1.0,0.286
2020-02-03,286,1000,286,1.0,0.286
2020-02-04,286,1000,286,1.0,0.286
2020-02-05,286,1000,286,1.0,0.286
2020-02-06,286,1000,286,1.0,0.286
2020-02-07,286,1000,286,1.0,0.286
2020-02-10,286,1000,286,1.0,0.286
2020-02-11,286,1000,286,1.0,0.286
2020-02-12,285,1000,285,1.0,0.285
2020-02-13,285,1000,285,1.0,0.285
2020-02-14,285,1000,285,1.0,0.285
2020-02-17,285,1000,285,1.0,0.285
2020-02-18,285,1000,285,1.0,0.285
2020-02-19,285,1000,285,1.0,0.285
2020-02-20,285,1000,285,1.0,0.285
2020-02-21,286,1000,286,1.0,0.286
2020-02-24,287,1000,287,1.0,0.287
2020-02-25,287,1000,287,1.0,0.287
2020-02-26,287,1000,287,1.0,0.287
2020-02-27,288,1000,288,1.0,0.288
2020-02-28,289,1000,289,1.0,0.289
2020-03-02,289,1000,289,1.0,0.289
2020-03-03,289,1000,289,1.0,0.289
2020-03-04,289,1000,289,1.0,0.289
2020-03-05,289,1000,289,1.0,0.289
2020-03-06,289,1000,289,1.0,0.289
2020-03-09,289,1000,289,1.0,0.289
2020-03-10,289,1000,289,1.0,0.289
2020-03-11,289,1000,289,1.0,0.289
2020-03-12,289,1000,289,1.0,0.289
2020-03-13,288,1000,288,1.0,0.288
2020-03-16,287,1000,287,1.0,0.287
2020-03-17,290,1000,290,1.0,0.29
2020-03-18,290,1000,290,1.0,0.29
2020-03-19,290,1000,290,1.0,0.29
2020-03-20,290,1000,290,1.0,0.29
2020-03-23,290,1000,290,1.0,0.29
2020-03-24,290,1000,290,1.0,0.29
2020-03-25,291,1000,291,1.0,0.291
2020-03-26,291,1000,291,1.0,0.291
2020-03-27,292,1000,292,1.0,0.292
2020-03-30,292,1000,292,1.0,0.292
2020-03-31,292,1000,292,1.0,0.292
2020-04-01,292,1000,292,1.0,0.292
2020-04-02,291,1000,291,1.0,0.291
2020-04-03,291,1000,291,1.0,0.291
2020-04-07,291,1000,291,1.0,0.291
2020-04-08,290,1000,290,1.0,0.29
2020-04-09,290,1000,290,1.0,0.29
2020-04-10,289,1000,289,1.0,0.289
2020-04-13,290,1000,290,1.0,0.29
2020-04-14,290,1000,290,1.0,0.29
2020-04-15,290,1000,290,1.0,0.29
2020-04-16,288,1000,288,1.0,0.288
2020-04-17,288,1000,288,1.0,0.288
2020-04-20,287,1000,287,1.0,0.287
2020-04-21,288,1000,288,1.0,0.288
2020-04-22,288,1000,288,1.0,0.288
2020-04-23,288,1000,288,1.0,0.288
2020-04-24,287,1000,287,1.0,0.287
2020-04-27,287,1000,287,1.0,0.287
2020-04-28,287,1000,287,1.0,0.287
2020-04-29,286,1000,286,1.0,0.286
2020-04-30,286,1000,286,1.0,0.286
2020-05-06,287,1000,287,1.0,0.287
2020-05-07,286,1000,286,1.0,0.286
2020-05-08,286,1000,286,1.0,0.286
2020-05-11,286,1000,286,1.0,0.286
2020-05-12,286,1000,286,1.0,0.286
2020-05-13,286,1000,286,1.0,0.286
2020-05-14,286,1000,286,1.0,0.286
2020-05-15,286,1000,286,1.0,0.286
2020-05-18,286,1000,286,1.0,0.286
2020-05-19,285,1000,285,1.0,0.285
2020-05-20,285,1000,285,1.0,0.285
2020-05-21,286,1000,286,1.0,0.286
2020-05-22,287,1000,287,1.0,0.287
2020-05-25,287,1000,287,1.0,0.287
2020-05-26,287,1000,287,1.0,0.287
2020-05-27,287,1000,287,1.0,0.287
2020-05-28,287,1000,287,1.0,0.287
2020-05-29,287,1000,287,1.0,0.287
2020-06-01,286,1000,286,1.0,0.286
2020-06-02,286,1000,286,1.0,0.286
2020-06-03,286,1000,286,1.0,0.286
2020-06-04,286,1000,286,1.0,0.286
2020-06-05,286,1000,286,1.0,0.286
2020-06-08,287,1000,287,1.0,0.287
2020-06-09,287,1000,287,1.0,0.287
2020-06-10,286,1000,286,1.0,0.286
2020-06-11,286,1000,286,1.0,0.286
2020-06-12,286,1000,286,1.0,0.286
2020-06-15,286,1000,286,1.0,0.286
2020-06-16,284,1000,284,1.0,0.284
2020-06-17,285,1000,285,1.0,0.285
2020-06-18,285,1000,285,1.0,0.285
2020-06-19,285,1000,285,1.0,0.285
2020-06-22,283,1000,283,1.0,0.283
2020-06-23,284,1000,284,1.0,0.284
2020-06-24,284,1000,284,1.0,0.284
2020-06-29,285,1000,285,1.0,0.285
2020-06-30,284,1000,284,1.0,0.284
2020-07-01,284,1000,284,1.0,0.284
2020-07-02,284,1000,284,1.0,0.284
2020-07-03,285,1000,285,1.0,0.285
2020-07-06,285,1000,285,1.0,0.285
2020-07-07,284,1000,284,1.0,0.284
2020-07-08,283,1000,283,1.0,0.283
2020-07-09,282,1000,282,1.0,0.282
2020-07-10,283,1000,283,1.0,0.283
2020-07-13,283,1000,283,1.0,0.283
2020-07-14,283,1000,283,1.0,0.283
2020-07-15,283,1000,283,1.0,0.283
2020-07-16,282,1000,282,1.0,0.282
2020-07-17,281,1000,281,1.0,0.281
2020-07-20,280,1000,280,1.0,0.28
2020-07-21,280,1000,280,1.0,0.28
2020-07-22,279,1000,279,1.0,0.279
2020-07-23,280,1000,280,1.0,0.28
2020-07-24,279,1000,279,1.0,0.279
2020-07-27,280,1000,280,1.0,0.28
2020-07-28,280,1000,280,1.0,0.28
2020-07-29,280,1000,280,1.0,0.28
2020-07-30,280,1000,280,1.0,0.28
2020-07-31,280,1000,280,1.0,0.28
2020-08-03,280,1000,280,1.0,0.28
2020-08-04,281,1000,281,1.0,0.281
2020-08-05,280,1000,280,1.0,0.28
2020-08-06,283,1000,283,1.0,0.283
2020-08-07,283,1000,283,1.0,0.283
2020-08-10,284,1000,284,1.0,0.284
2020-08-11,284,1000,284,1.0,0.284
2020-08-12,284,1000,284,1.0,0.284
2020-08-13,284,1000,284,1.0,0.284
2020-08-14,284,1000,284,1.0,0.284
2020-08-17,284,1000,284,1.0,0.284
2020-08-18,283,1000,283,1.0,0.283
2020-08-19,282,1000,282,1.0,0.282
2020-08-20,281,1000,281,1.0,0.281
2020-08-21,280,1000,280,1.0,0.28
2020-08-24,275,1000,275,1.0,0.275
2020-08-25,275,1000,275,1.0,0.275
2020-08-26,274,1000,274,1.0,0.274
2020-08-27,276,1000,276,1.0,0.276
2020-08-28,275,1000,275,1.0,0.275
2020-08-31,276,1000,276,1.0,0.276
2020-09-01,276,1000,276,1.0,0.276
2020-09-02,276,1000,276,1.0,0.276
2020-09-03,276,1000,276,1.0,0.276
2020-09-04,276,1000,276,1.0,0.276
2020-09-07,277,1000,277,1.0,0.277
2020-09-08,276,1000,276,1.0,0.276
2020-09-09,276,1000,276,1.0,0.276
2020-09-10,275,1000,275,1.0,0.275
2020-09-11,275,1000,275,1.0,0.275
2020-09-14,275,1000,275,1.0,0.275
2020-09-15,276,1000,276,1.0,0.276
2020-09-16,275,1000,275,1.0,0.275
2020-09-17,274,1000,274,1.0,0.274
2020-09-18,274,1000,274,1.0,0.274
2020-09-21,273,1000,273,1.0,0.273
2020-09-22,274,1000,274,1.0,0.274
2020-09-23,275,1000,275,1.0,0.275
2020-09-24,273,1000,273,1.0,0.273
2020-09-25,274,1000,274,1.0,0.274
2020-09-28,271,1000,271,1.0,0.271
2020-09-29,271,1000,271,1.0,0.271
2020-09-30,270,1000,270,1.0,0.27
2020-10-09,270,1000,270,1.0,0.27
2020-10-12,269,1000,269,1.0,0.269
2020-10-13,269,1000,269,1.0,0.269
2020-10-14,270,1000,270,1.0,0.27
2020-10-15,269,1000,269,1.0,0.269
2020-10-16,268,1000,268,1.0,0.268
2020-10-19,270,1000,270,1.0,0.27
2020-10-20,271,1000,271,1.0,0.271
2020-10-21,271,1000,271,1.0,0.271
2020-10-22,271,1000,271,1.0,0.271
2020-10-23,272,1000,272,1.0,0.272
2020-10-26,270,1000,270,1.0,0.27
2020-10-27,272,1000,272,1.0,0.272
2020-10-28,272,1000,272,1.0,0.272
2020-10-29,272,1000,272,1.0,0.272
2020-10-30,273,1000,273,1.0,0.273
2020-11-02,274,1000,274,1.0,0.274
2020-11-03,274,1000,274,1.0,0.274
2020-11-04,275,1000,275,1.0,0.275
2020-11-05,272,1000,272,1.0,0.272
2020-11-06,273,1000,273,1.0,0.273
2020-11-09,273,1000,273,1.0,0.273
2020-11-10,275,1000,275,1.0,0.275
2020-11-11,275,1000,275,1.0,0.275
2020-11-12,275,1000,275,1.0,0.275
2020-11-13,276,1000,276,1.0,0.276
2020-11-16,276,1000,276,1.0,0.276
2020-11-17,276,1000,276,1.0,0.276
2020-11-18,277,1000,277,1.0,0.277
2020-11-19,276,1000,276,1.0,0.276
2020-11-20,277,1000,277,1.0,0.277
2020-11-23,277,1000,277,1.0,0.277
2020-11-24,277,1000,277,1.0,0.277
2020-11-25,276,1000,276,1.0,0.276
2020-11-26,276,1000,276,1.0,0.276
2020-11-27,276,1000,276,1.0,0.276
2020-11-30,277,1000,277,1.0,0.277
2020-12-01,277,1000,277,1.0,0.277
2020-12-02,277,1000,277,1.0,0.277
2020-12-03,277,1000,277,1.0,0.277
2020-12-04,278,1000,278,1.0,0.278
2020-12-07,277,1000,277,1.0,0.277
2020-12-08,277,1000,277,1.0,0.277
2020-12-09,276,1000,276,1.0,0.276
2020-12-10,276,1000,276,1.0,0.276
2020-12-11,276,1000,276,1.0,0.276
2020-12-14,277,1000,277,1.0,0.277
2020-12-15,276,1000,276,1.0,0.276
2020-12-16,279,1000,279,1.0,0.279
2020-12-17,281,1000,281,1.0,0.281
2020-12-18,281,1000,281,1.0,0.281
2020-12-21,280,1000,280,1.0,0.28
2020-12-22,283,1000,283,1.0,0.283
2020-12-23,282,1000,282,1.0,0.282
2020-12-24,282,1000,282,1.0,0.282
2020-12-25,282,1000,282,1.0,0.282
2020-12-28,281,1000,281,1.0,0.281
2020-12-29,282,1000,282,1.0,0.282
2020-12-30,280,1000,280,1.0,0.28
2020-12-31,280,1000,280,1.0,0.28
2021-01-04,281,1000,281,1.0,0.281
2021-01-05,281,1000,281,1.0,0.281
2021-01-06,280,1000,280,1.0,0.28
2021-01-07,280,1000,280,1.0,0.28
2021-01-08,280,1000,280,1.0,0.28
2021-01-11,280,1000,280,1.0,0.28
2021-01-12,281,1000,281,1.0,0.281
2021-01-13,281,1000,281,1.0,0.281
2021-01-14,282,1000,282,1.0,0.282
2021-01-15,281,1000,281,1.0,0.281
2021-01-18,282,1000,282,1.0,0.282
2021-01-19,284,1000,284,1.0,0.284
2021-01-20,284,1000,284,1.0,0.284
2021-01-21,284,1000,284,1.0,0.284
2021-01-22,286,1000,286,1.0,0.286
2021-01-25,286,1000,286,1.0,0.286
2021-01-26,286,1000,286,1.0,0.286
2021-01-27,287,1000,287,1.0,0.287
2021-01-28,286,1000,286,1.0,0.286
2021-01-29,286,1000,286,1.0,0.286
2021-02-01,285,1000,285,1.0,0.285
2021-02-02,285,1000,285,1.0,0.285
2021-02-03,285,1000,285,1.0,0.285
2021-02-04,284,1000,284,1.0,0.284
2021-02-05,284,1000,284,1.0,0.284
2021-02-08,283,1000,283,1.0,0.283
2021-02-09,282,1000,282,1.0,0.282
2021-02-10,281,1000,281,1.0,0.281
2021-02-18,282,1000,282,1.0,0.282
2021-02-19,283,1000,283,1.0,0.283
2021-02-22,283,1000,283,1.0,0.283
2021-02-23,282,1000,282,1.0,0.282
2021-02-24,281,1000,281,1.0,0.281
2021-02-25,281,1000,281,1.0,0.281
2021-02-26,282,1000,282,1.0,0.282
2021-03-01,281,1000,281,1.0,0.281
2021-03-02,280,1000,280,1.0,0.28
2021-03-03,282,1000,282,1.0,0.282
2021-03-04,281,1000,281,1.0,0.281
2021-03-05,283,1000,283,1.0,0.283
2021-03-08,284,1000,284,1.0,0.284
2021-03-09,284,1000,284,1.0,0.284
2021-03-10,284,1000,284,1.0,0.284
2021-03-11,283,1000,283,1.0,0.283
2021-03-12,283,1000,283,1.0,0.283
2021-03-15,283,1000,283,1.0,0.283
2021-03-16,282,1000,282,1.0,0.282
2021-03-17,282,1000,282,1.0,0.282
2021-03-18,283,1000,283,1.0,0.283
2021-03-19,283,1000,283,1.0,0.283
2021-03-22,282,1000,282,1.0,0.282
2021-03-23,282,1000,282,1.0,0.282
2021-03-24,280,1000,280,1.0,0.28
2021-03-25,280,1000,280,1.0,0.28
2021-03-26,280,1000,280,1.0,0.28
2021-03-29,281,1000,281,1.0,0.281
2021-03-30,281,1000,281,1.0,0.281
2021-03-31,281,1000,281,1.0,0.281
2021-04-01,281,1000,281,1.0,0.281
2021-04-02,281,1000,281,1.0,0.281
2021-04-06,281,1000,281,1.0,0.281
2021-04-07,282,1000,282,1.0,0.282
2021-04-08,281,1000,281,1.0,0.281
2021-04-09,281,1000,281,1.0,0.281
2021-04-12,279,1000,279,1.0,0.279
2021-04-13,278,1000,278,1.0,0.278
2021-04-14,279,1000,279,1.0,0.279
2021-04-15,281,1000,281,1.0,0.281
2021-04-16,281,1000,281,1.0,0.281
2021-04-19,278,1000,278,1.0,0.278
2021-04-20,278,1000,278,1.0,0.278
2021-04-21,278,1000,278,1.0,0.278
2021-04-22,279,1000,279,1.0,0.279
2021-04-23,279,1000,279,1.0,0.279
2021-04-26,279,1000,279,1.0,0.279
2021-04-27,279,1000,279,1.0,0.279
2021-04-28,278,1000,278,1.0,0.278
2021-04-29,279,1000,279,1.0,0.279
2021-04-30,280,1000,280,1.0,0.28
2021-05-06,281,1000,281,1.0,0.281
2021-05-07,282,1000,282,1.0,0.282
2021-05-10,282,1000,282,1.0,0.282
2021-05-11,283,1000,283,1.0,0.283
2021-05-12,282,1000,282,1.0,0.282
2021-05-13,281,1000,281,1.0,0.281
2021-05-14,281,1000,281,1.0,0.281
2021-05-17,281,1000,281,1.0,0.281
2021-05-18,282,1000,282,1.0,0.282
2021-05-19,282,1000,282,1.0,0.282
2021-05-20,282,1000,282,1.0,0.282
2021-05-21,281,1000,281,1.0,0.281
2021-05-24,282,1000,282,1.0,0.282
2021-05-25,281,1000,281,1.0,0.281
2021-05-26,280,1000,280,1.0,0.28
2021-05-27,279,1000,279,1.0,0.279
2021-05-28,278,1000,278,1.0,0.278
2021-05-31,279,1000,279,1.0,0.279
2021-06-01,279,1000,279,1.0,0.279
2021-06-02,279,1000,279,1.0,0.279
2021-06-03,279,1000,279,1.0,0.279
2021-06-04,279,1000,279,1.0,0.279
2021-06-07,280,1000,280,1.0,0.28
2021-06-08,279,1000,279,1.0,0.279
2021-06-09,280,1000,280,1.0,0.28
2021-06-10,282,1000,282,1.0,0.282
2021-06-11,281,1000,281,1.0,0.281
2021-06-15,280,1000,280,1.0,0.28
2021-06-16,280,1000,280,1.0,0.28
2021-06-17,281,1000,281,1.0,0.281
2021-06-18,281,1000,281,1.0,0.281
2021-06-21,281,1000,281,1.0,0.281
2021-06-22,281,1000,281,1.0,0.281
2021-06-23,280,1000,280,1.0,0.28
2021-06-24,280,1000,280,1.0,0.28
2021-06-25,282,1000,282,1.0,0.282
2021-06-28,283,1000,283,1.0,0.283
2021-06-29,283,1000,283,1.0,0.283
2021-06-30,281,1000,281,1.0,0.281
2021-07-01,281,1000,281,1.0,0.281
2021-07-02,280,1000,280,1.0,0.28
2021-07-05,279,1000,279,1.0,0.279
2021-07-06,280,1000,280,1.0,0.28
2021-07-07,281,1000,281,1.0,0.281
2021-07-08,280,1000,280,1.0,0.28
2021-07-09,281,1000,281,1.0,0.281
2021-07-12,281,1000,281,1.0,0.281
2021-07-13,282,1000,282,1.0,0.282
2021-07-14,281,1000,281,1.0,0.281
2021-07-15,282,1000,282,1.0,0.282
2021-07-16,283,1000,283,1.0,0.283
2021-07-19,283,1000,283,1.0,0.283
2021-07-20,284,1000,284,1.0,0.284
2021-07-21,284,1000,284,1.0,0.284
2021-07-22,282,1000,282,1.0,0.282
2021-07-23,284,1000,284,1.0,0.284
2021-07-26,285,1000,285,1.0,0.285
2021-07-27,284,1000,284,1.0,0.284
2021-07-28,284,1000,284,1.0,0.284
2021-07-29,285,1000,285,1.0,0.285
2021-07-30,284,1000,284,1.0,0.284
2021-08-02,284,1000,284,1.0,0.284
2021-08-03,283,1000,283,1.0,0.283
2021-08-04,281,1000,281,1.0,0.281
2021-08-05,280,1000,280,1.0,0.28
2021-08-06,279,1000,279,1.0,0.279
2021-08-09,279,1000,279,1.0,0.279
2021-08-10,280,1000,280,1.0,0.28
2021-08-11,279,1000,279,1.0,0.279
2021-08-12,278,1000,278,1.0,0.278
2021-08-13,277,1000,277,1.0,0.277
2021-08-16,278,1000,278,1.0,0.278
2021-08-17,277,1000,277,1.0,0.277
2021-08-18,276,1000,276,1.0,0.276
2021-08-19,275,1000,275,1.0,0.275
2021-08-20,274,1000,274,1.0,0.274
2021-08-23,275,1000,275,1.0,0.275
2021-08-24,275,1000,275,1.0,0.275
2021-08-25,276,1000,276,1.0,0.276
2021-08-26,277,1000,277,1.0,0.277
2021-08-27,276,1000,276,1.0,0.276
2021-08-30,276,1000,276,1.0,0.276
2021-08-31,275,1000,275,1.0,0.275
2021-09-01,275,1000,275,1.0,0.275
2021-09-02,276,1000,276,1.0,0.276
2021-09-03,277,1000,277,1.0,0.277
2021-09-06,278,1000,278,1.0,0.278
2021-09-07,277,1000,277,1.0,0.277
2021-09-08,279,1000,279,1.0,0.279
2021-09-09,279,1000,279,1.0,0.279
2021-09-10,279,1000,279,1.0,0.279
2021-09-13,279,1000,279,1.0,0.279
2021-09-14,279,1000,279,1.0,0.279
2021-09-15,281,1000,281,1.0,0.281
2021-09-16,282,1000,282,1.0,0.282
2021-09-17,283,1000,283,1.0,0.283
2021-09-22,283,1000,283,1.0,0.283
2021-09-23,283,1000,283,1.0,0.283
2021-09-24,284,1000,284,1.0,0.284
2021-09-27,285,1000,285,1.0,0.285
2021-09-28,286,1000,286,1.0,0.286
2021-09-29,285,1000,285,1.0,0.285
2021-09-30,285,1000,285,1.0,0.285
2021-10-08,286,1000,286,1.0,0.286
2021-10-11,286,1000,286,1.0,0.286
2021-10-12,287,1000,287,1.0,0.287
2021-10-13,288,1000,288,1.0,0.288
2021-10-14,287,1000,287,1.0,0.287
2021-10-15,287,1000,287,1.0,0.287
2021-10-18,287,1000,287,1.0,0.287
2021-10-19,287,1000,287,1.0,0.287
2021-10-20,286,1000,286,1.0,0.286
2021-10-21,285,1000,285,1.0,0.285
2021-10-22,285,1000,285,1.0,0.285
2021-10-25,284,1000,284,1.0,0.284
2021-10-26,284,1000,284,1.0,0.284
2021-10-27,283,1000,283,1.0,0.283
2021-10-28,284,1000,284,1.0,0.284
2021-10-29,284,1000,284,1.0,0.284
2021-11-01,282,1000,282,1.0,0.282
2021-11-02,282,1000,282,1.0,0.282
2021-11-03,283,1000,283,1.0,0.283
2021-11-04,283,1000,283,1.0,0.283
2021-11-05,283,1000,283,1.0,0.283
2021-11-08,284,1000,284,1.0,0.284
2021-11-09,284,1000,284,1.0,0.284
2021-11-10,284,1000,284,1.0,0.284
2021-11-11,284,1000,284,1.0,0.284
2021-11-12,284,1000,284,1.0,0.284
2021-11-15,285,1000,285,1.0,0.285
2021-11-16,285,1000,285,1.0,0.285
2021-11-17,284,1000,284,1.0,0.284
2021-11-18,284,1000,284,1.0,0.284
2021-11-19,284,1000,284,1.0,0.284
2021-11-22,284,1000,284,1.0,0.284
2021-11-23,284,1000,284,1.0,0.284
2021-11-24,285,1000,285,1.0,0.285
2021-11-25,286,1000,286,1.0,0.286
2021-11-26,286,1000,286,1.0,0.286
2021-11-29,287,1000,287,1.0,0.287
2021-11-30,287,1000,287,1.0,0.287
2021-12-01,289,1000,289,1.0,0.289
2021-12-02,290,1000,290,1.0,0.29
2021-12-03,289,1000,289,1.0,0.289
2021-12-06,291,1000,291,1.0,0.291
2021-12-07,292,1000,292,1.0,0.292
2021-12-08,291,1000,291,1.0,0.291
2021-12-09,291,1000,291,1.0,0.291
2021-12-10,290,1000,290,1.0,0.29
2021-12-13,291,1000,291,1.0,0.291
2021-12-14,293,1000,293,1.0,0.293
2021-12-15,293,1000,293,1.0,0.293
2021-12-16,294,1000,294,1.0,0.294
2021-12-17,293,1000,293,1.0,0.293
2021-12-20,294,1000,294,1.0,0.294
2021-12-21,295,1000,295,1.0,0.295
2021-12-22,293,1000,293,1.0,0.293
2021-12-23,292,1000,292,1.0,0.292
2021-12-24,290,1000,290,1.0,0.29
2021-12-27,290,1000,290,1.0,0.29
2021-12-28,289,1000,289,1.0,0.289
2021-12-29,288,1000,288,1.0,0.288
2021-12-30,287,1000,287,1.0,0.287
2021-12-31,287,1000,287,1.0,0.287
2022-01-04,287,1000,287,1.0,0.287
2022-01-05,287,1000,287,1.0,0.287
2022-01-06,286,1000,286,1.0,0.286
2022-01-07,287,1000,287,1.0,0.287
2022-01-10,288,1000,288,1.0,0.288
2022-01-11,288,1000,288,1.0,0.288
2022-01-12,288,1000,288,1.0,0.288
2022-01-13,287,1000,287,1.0,0.287
2022-01-14,287,1000,287,1.0,0.287
2022-01-17,286,1000,286,1.0,0.286
2022-01-18,284,1000,284,1.0,0.284
2022-01-19,284,1000,284,1.0,0.284
2022-01-20,283,1000,283,1.0,0.283
2022-01-21,284,1000,284,1.0,0.284
2022-01-24,283,1000,283,1.0,0.283
2022-01-25,283,1000,283,1.0,0.283
2022-01-26,282,1000,282,1.0,0.282
2022-01-27,282,1000,282,1.0,0.282
2022-01-28,281,1000,281,1.0,0.281
2022-02-07,282,1000,282,1.0,0.282
2022-02-08,282,1000,282,1.0,0.282
2022-02-09,282,1000,282,1.0,0.282
2022-02-10,283,1000,283,1.0,0.283
2022-02-11,283,1000,283,1.0,0.283
2022-02-14,283,1000,283,1.0,0.283
2022-02-15,284,1000,284,1.0,0.284
2022-02-16,284,1000,284,1.0,0.284
2022-02-17,285,1000,285,1.0,0.285
2022-02-18,286,1000,286,1.0,0.286
2022-02-21,286,1000,286,1.0,0.286
2022-02-22,286,1000,286,1.0,0.286
2022-02-23,286,1000,286,1.0,0.286
2022-02-24,288,1000,288,1.0,0.288
2022-02-25,288,1000,288,1.0,0.288
2022-02-28,288,1000,288,1.0,0.288
2022-03-01,288,1000,288,1.0,0.288
2022-03-02,288,1000,288,1.0,0.288
2022-03-03,288,1000,288,1.0,0.288
2022-03-04,287,1000,287,1.0,0.287
2022-03-07,286,1000,286,1.0,0.286
2022-03-08,285,1000,285,1.0,0.285
2022-03-09,284,1000,284,1.0,0.284
2022-03-10,284,1000,284,1.0,0.284
2022-03-11,284,1000,284,1.0,0.284
2022-03-14,284,1000,284,1.0,0.284
2022-03-15,283,1000,283,1.0,0.283
2022-03-16,283,1000,283,1.0,0.283
2022-03-17,283,1000,283,1.0,0.283
2022-03-18,283,1000,283,1.0,0.283
2022-03-21,283,1000,283,1.0,0.283
2022-03-22,282,1000,282,1.0,0.282
2022-03-23,283,1000,283,1.0,0.283
2022-03-24,284,1000,284,1.0,0.284
2022-03-25,284,1000,284,1.0,0.284
2022-03-28,284,1000,284,1.0,0.284
2022-03-29,284,1000,284,1.0,0.284
2022-03-30,284,1000,284,1.0,0.284
2022-03-31,284,1000,284,1.0,0.284
2022-04-01,283,1000,283,1.0,0.283
2022-04-06,284,1000,284,1.0,0.284
2022-04-07,282,1000,282,1.0,0.282
2022-04-08,284,1000,284,1.0,0.284
2022-04-11,285,1000,285,1.0,0.285
2022-04-12,284,1000,284,1.0,0.284
2022-04-13,283,1000,283,1.0,0.283
2022-04-14,283,1000,283,1.0,0.283
2022-04-15,282,1000,282,1.0,0.282
2022-04-18,283,1000,283,1.0,0.283
2022-04-19,282,1000,282,1.0,0.282
2022-04-20,283,1000,283,1.0,0.283
2022-04-21,284,1000,284,1.0,0.284
2022-04-22,284,1000,284,1.0,0.284
2022-04-25,284,1000,284,1.0,0.284
2022-04-26,284,1000,284,1.0,0.284
2022-04-27,285,1000,285,1.0,0.285
2022-04-28,284,1000,284,1.0,0.284
2022-04-29,284,1000,284,1.0,0.284
2022-05-05,284,1000,284,1.0,0.284
2022-05-06,284,1000,284,1.0,0.284
2022-05-09,284,1000,284,1.0,0.284
2022-05-10,283,1000,283,1.0,0.283
2022-05-11,283,1000,283,1.0,0.283
2022-05-12,282,1000,282,1.0,0.282
2022-05-13,282,1000,282,1.0,0.282
2022-05-16,282,1000,282,1.0,0.282
2022-05-17,281,1000,281,1.0,0.281
2022-05-18,284,1000,284,1.0,0.284
2022-05-19,285,1000,285,1.0,0.285
2022-05-20,286,1000,286,1.0,0.286
2022-05-23,286,1000,286,1.0,0.286
2022-05-24,287,1000,287,1.0,0.287
2022-05-25,286,1000,286,1.0,0.286
2022-05-26,288,1000,288,1.0,0.288
2022-05-27,288,1000,288,1.0,0.288
2022-05-30,288,1000,288,1.0,0.288
2022-05-31,289,1000,289,1.0,0.289
2022-06-01,289,1000,289,1.0,0.289
2022-06-02,288,1000,288,1.0,0.288
2022-06-06,288,1000,288,1.0,0.288
2022-06-07,287,1000,287,1.0,0.287
2022-06-08,286,1000,286,1.0,0.286
2022-06-09,287,1000,287,1.0,0.287
2022-06-10,287,1000,287,1.0,0.287
2022-06-13,287,1000,287,1.0,0.287
2022-06-14,289,1000,289,1.0,0.289
2022-06-15,289,1000,289,1.0,0.289
2022-06-16,289,1000,289,1.0,0.289
2022-06-17,289,1000,289,1.0,0.289
2022-06-20,289,1000,289,1.0,0.289
2022-06-21,289,1000,289,1.0,0.289
2022-06-22,288,1000,288,1.0,0.288
2022-06-23,288,1000,288,1.0,0.288
2022-06-24,286,1000,286,1.0,0.286
2022-06-27,286,1000,286,1.0,0.286
2022-06-28,287,1000,287,1.0,0.287
2022-06-29,287,1000,287,1.0,0.287
2022-06-30,287,1000,287,1.0,0.287
2022-07-01,287,1000,287,1.0,0.287
2022-07-04,287,1000,287,1.0,0.287
2022-07-05,288,1000,288,1.0,0.288
2022-07-06,289,1000,289,1.0,0.289
2022-07-07,290,1000,290,1.0,0.29
2022-07-08,290,1000,290,1.0,0.29
2022-07-11,290,1000,290,1.0,0.29
2022-07-12,289,1000,289,1.0,0.289
2022-07-13,289,1000,289,1.0,0.289
2022-07-14,289,1000,289,1.0,0.289
2022-07-15,289,1000,289,1.0,0.289
2022-07-18,289,1000,289,1.0,0.289
2022-07-19,289,1000,289,1.0,0.289
2022-07-20,289,1000,289,1.0,0.289
2022-07-21,289,1000,289,1.0,0.289
2022-07-22,288,1000,288,1.0,0.288
2022-07-25,288,1000,288,1.0,0.288
2022-07-26,289,1000,289,1.0,0.289
2022-07-27,290,1000,290,1.0,0.29
2022-07-28,289,1000,289,1.0,0.289
2022-07-29,288,1000,288,1.0,0.288
2022-08-01,289,1000,289,1.0,0.289
2022-08-02,289,1000,289,1.0,0.289
2022-08-03,288,1000,288,1.0,0.288
2022-08-04,289,1000,289,1.0,0.289
2022-08-05,290,1000,290,1.0,0.29
2022-08-08,289,1000,289,1.0,0.289
2022-08-09,290,1000,290,1.0,0.29
2022-08-10,289,1000,289,1.0,0.289
2022-08-11,289,1000,289,1.0,0.289
2022-08-12,287,1000,287,1.0,0.287
2022-08-15,287,1000,287,1.0,0.287
2022-08-16,287,1000,287,1.0,0.287
2022-08-17,286,1000,286,1.0,0.286
2022-08-18,287,1000,287,1.0,0.287
2022-08-19,288,1000,288,1.0,0.288
2022-08-22,289,1000,289,1.0,0.289
2022-08-23,289,1000,289,1.0,0.289
2022-08-24,289,1000,289,1.0,0.289
2022-08-25,288,1000,288,1.0,0.288
2022-08-26,289,1000,289,1.0,0.289
2022-08-29,289,1000,289,1.0,0.289
2022-08-30,289,1000,289,1.0,0.289
2022-08-31,288,1000,288,1.0,0.288
2022-09-01,288,1000,288,1.0,0.288
2022-09-02,287,1000,287,1.0,0.287
2022-09-05,287,1000,287,1.0,0.287
2022-09-06,289,1000,289,1.0,0.289
2022-09-07,290,1000,290,1.0,0.29
2022-09-08,289,1000,289,1.0,0.289
2022-09-09,288,1000,288,1.0,0.288
2022-09-13,287,1000,287,1.0,0.287
2022-09-14,286,1000,286,1.0,0.286
2022-09-15,286,1000,286,1.0,0.286
2022-09-16,286,1000,286,1.0,0.286
2022-09-19,286,1000,286,1.0,0.286
2022-09-20,286,1000,286,1.0,0.286
2022-09-21,287,1000,287,1.0,0.287
2022-09-22,287,1000,287,1.0,0.287
2022-09-23,287,1000,287,1.0,0.287
2022-09-26,287,1000,287,1.0,0.287
2022-09-27,287,1000,287,1.0,0.287
2022-09-28,287,1000,287,1.0,0.287
2022-09-29,287,1000,287,1.0,0.287
2022-09-30,288,1000,288,1.0,0.288
2022-10-10,288,1000,288,1.0,0.288
2022-10-11,288,1000,288,1.0,0.288
2022-10-12,288,1000,288,1.0,0.288
2022-10-13,288,1000,288,1.0,0.288
2022-10-14,288,1000,288,1.0,0.288
2022-10-17,290,1000,290,1.0,0.29
2022-10-18,289,1000,289,1.0,0.289
2022-10-19,290,1000,290,1.0,0.29
2022-10-20,291,1000,291,1.0,0.291
2022-10-21,291,1000,291,1.0,0.291
2022-10-24,292,1000,292,1.0,0.292
2022-10-25,292,1000,292,1.0,0.292
2022-10-26,291,1000,291,1.0,0.291
2022-10-27,291,1000,291,1.0,0.291
2022-10-28,291,1000,291,1.0,0.291
2022-10-31,291,1000,291,1.0,0.291
2022-11-01,291,1000,291,1.0,0.291
2022-11-02,291,1000,291,1.0,0.291
2022-11-03,290,1000,290,1.0,0.29
2022-11-04,290,1000,290,1.0,0.29
2022-11-07,289,1000,289,1.0,0.289
2022-11-08,288,1000,288,1.0,0.288
2022-11-09,288,1000,288,1.0,0.288
2022-11-10,289,1000,289,1.0,0.289
2022-11-11,290,1000,290,1.0,0.29
2022-11-14,291,1000,291,1.0,0.291
2022-11-15,291,1000,291,1.0,0.291
2022-11-16,288,1000,288,1.0,0.288
2022-11-17,289,1000,289,1.0,0.289
2022-11-18,288,1000,288,1.0,0.288
2022-11-21,289,1000,289,1.0,0.289
2022-11-22,290,1000,290,1.0,0.29
2022-11-23,290,1000,290,1.0,0.29
2022-11-24,290,1000,290,1.0,0.29
2022-11-25,288,1000,288,1.0,0.288
2022-11-28,288,1000,288,1.0,0.288
2022-11-29,288,1000,288,1.0,0.288
2022-11-30,288,1000,288,1.0,0.288
2022-12-01,288,1000,288,1.0,0.288
2022-12-02,288,1000,288,1.0,0.288
2022-12-05,288,1000,288,1.0,0.288
2022-12-06,288,1000,288,1.0,0.288
2022-12-07,289,1000,289,1.0,0.289
2022-12-08,290,1000,290,1.0,0.29
2022-12-09,289,1000,289,1.0,0.289
2022-12-12,290,1000,290,1.0,0.29
2022-12-13,290,1000,290,1.0,0.29
2022-12-14,292,1000,292,1.0,0.292
2022-12-15,292,1000,292,1.0,0.292
2022-12-16,291,1000,291,1.0,0.291
2022-12-19,292,1000,292,1.0,0.292
2022-12-20,292,1000,292,1.0,0.292
2022-12-21,292,1000,292,1.0,0.292
2022-12-22,292,1000,292,1.0,0.292
2022-12-23,292,1000,292,1.0,0.292
2022-12-26,293,1000,293,1.0,0.293
2022-12-27,292,1000,292,1.0,0.292
2022-12-28,292,1000,292,1.0,0.292
2022-12-29,293,1000,293,1.0,0.293
2022-12-30,292,1000,292,1.0,0.292
2023-01-03,292,1000,292,1.0,0.292
2023-01-04,292,1000,292,1.0,0.292
2023-01-05,293,1000,293,1.0,0.293
2023-01-06,293,1000,293,1.0,0.293
2023-01-09,293,1000,293,1.0,0.293
2023-01-10,293,1000,293,1.0,0.293
2023-01-11,294,1000,294,1.0,0.294
2023-01-12,294,1000,294,1.0,0.294
2023-01-13,293,1000,293,1.0,0.293
2023-01-16,293,1000,293,1.0,0.293
2023-01-17,293,1000,293,1.0,0.293
2023-01-18,293,1000,293,1.0,0.293
2023-01-19,293,1000,293,1.0,0.293
2023-01-20,293,1000,293,1.0,0.293
2023-01-30,293,1000,293,1.0,0.293
2023-01-31,293,1000,293,1.0,0.293
2023-02-01,294,1000,294,1.0,0.294
2023-02-02,294,1000,294,1.0,0.294
2023-02-03,294,1000,294,1.0,0.294
2023-02-06,294,1000,294,1.0,0.294
2023-02-07,294,1000,294,1.0,0.294
2023-02-08,294,1000,294,1.0,0.294
2023-02-09,293,1000,293,1.0,0.293
2023-02-10,293,1000,293,1.0,0.293
2023-02-13,293,1000,293,1.0,0.293
2023-02-14,293,1000,293,1.0,0.293
2023-02-15,293,1000,293,1.0,0.293
2023-02-16,293,1000,293,1.0,0.293
2023-02-17,293,1000,293,1.0,0.293
2023-02-20,293,1000,293,1.0,0.293
2023-02-21,294,1000,294,1.0,0.294
2023-02-22,294,1000,294,1.0,0.294
2023-02-23,294,1000,294,1.0,0.294
2023-02-24,294,1000,294,1.0,0.294
2023-02-27,294,1000,294,1.0,0.294
2023-02-28,294,1000,294,1.0,0.294
2023-03-01,291,1000,291,1.0,0.291
2023-03-02,291,1000,291,1.0,0.291
2023-03-03,291,1000,291,1.0,0.291
2023-03-06,291,1000,291,1.0,0.291
2023-03-07,291,1000,291,1.0,0.291
2023-03-08,291,1000,291,1.0,0.291
2023-03-09,290,1000,290,1.0,0.29
2023-03-10,291,1000,291,1.0,0.291
2023-03-13,291,1000,291,1.0,0.291
2023-03-14,291,1000,291,1.0,0.291
2023-03-15,290,1000,290,1.0,0.29
2023-03-16,291,1000,291,1.0,0.291
2023-03-17,290,1000,290,1.0,0.29
2023-03-20,290,1000,290,1.0,0.29
2023-03-21,290,1000,290,1.0,0.29
2023-03-22,291,1000,291,1.0,0.291
2023-03-23,290,1000,290,1.0,0.29
2023-03-24,290,1000,290,1.0,0.29
2023-03-27,290,1000,290,1.0,0.29
2023-03-28,290,1000,290,1.0,0.29
2023-03-29,291,1000,291,1.0,0.291
2023-03-30,291,1000,291,1.0,0.291
2023-03-31,291,1000,291,1.0,0.291
2023-04-03,291,1000,291,1.0,0.291
2023-04-04,290,1000,290,1.0,0.29
2023-04-06,290,1000,290,1.0,0.29
2023-04-07,290,1000,290,1.0,0.29
2023-04-10,287,1000,287,1.0,0.287
2023-04-11,287,1000,287,1.0,0.287
2023-04-12,287,1000,287,1.0,0.287
2023-04-13,287,1000,287,1.0,0.287
2023-04-14,289,1000,289,1.0,0.289
2023-04-17,290,1000,290,1.0,0.29
2023-04-18,289,1000,289,1.0,0.289
2023-04-19,288,1000,288,1.0,0.288
2023-04-20,289,1000,289,1.0,0.289
2023-04-21,290,1000,290,1.0,0.29
2023-04-24,290,1000,290,1.0,0.29
2023-04-25,290,1000,290,1.0,0.29
2023-04-26,290,1000,290,1.0,0.29
2023-04-27,291,1000,291,1.0,0.291
2023-04-28,291,1000,291,1.0,0.291
2023-05-04,291,1000,291,1.0,0.291
2023-05-05,290,1000,290,1.0,0.29
2023-05-08,289,1000,289,1.0,0.289
2023-05-09,289,1000,289,1.0,0.289
2023-05-10,290,1000,290,1.0,0.29
2023-05-11,290,1000,290,1.0,0.29
2023-05-12,292,1000,292,1.0,0.292
2023-05-15,292,1000,292,1.0,0.292
2023-05-16,292,1000,292,1.0,0.292
2023-05-17,292,1000,292,1.0,0.292
2023-05-18,292,1000,292,1.0,0.292
2023-05-19,292,1000,292,1.0,0.292
2023-05-22,291,1000,291,1.0,0.291
2023-05-23,290,1000,290,1.0,0.29
2023-05-24,289,1000,289,1.0,0.289
2023-05-25,289,1000,289,1.0,0.289
2023-05-26,289,1000,289,1.0,0.289
2023-05-29,290,1000,290,1.0,0.29
2023-05-30,290,1000,290,1.0,0.29
2023-05-31,289,1000,289,1.0,0.289
2023-06-01,290,1000,290,1.0,0.29
2023-06-02,290,1000,290,1.0,0.29
2023-06-05,290,1000,290,1.0,0.29
2023-06-06,289,1000,289,1.0,0.289
2023-06-07,289,1000,289,1.0,0.289
2023-06-08,289,1000,289,1.0,0.289
2023-06-09,287,1000,287,1.0,0.287
2023-06-12,287,1000,287,1.0,0.287
2023-06-13,287,1000,287,1.0,0.287
2023-06-14,287,1000,287,1.0,0.287
2023-06-15,286,1000,286,1.0,0.286
2023-06-16,286,1000,286,1.0,0.286
2023-06-19,287,1000,287,1.0,0.287
2023-06-20,286,1000,286,1.0,0.286
2023-06-21,286,1000,286,1.0,0.286
2023-06-26,286,1000,286,1.0,0.286
2023-06-27,283,1000,283,1.0,0.283
2023-06-28,283,1000,283,1.0,0.283
2023-06-29,283,1000,283,1.0,0.283
2023-06-30,284,1000,284,1.0,0.284
2023-07-03,284,1000,284,1.0,0.284
2023-07-04,284,1000,284,1.0,0.284
2023-07-05,285,1000,285,1.0,0.285
2023-07-06,285,1000,285,1.0,0.285
2023-07-07,286,1000,286,1.0,0.286
2023-07-10,286,1000,286,1.0,0.286
2023-07-11,288,1000,288,1.0,0.288
2023-07-12,288,1000,288,1.0,0.288
2023-07-13,288,1000,288,1.0,0.288
2023-07-14,287,1000,287,1.0,0.287
2023-07-17,289,1000,289,1.0,0.289
2023-07-18,288,1000,288,1.0,0.288
2023-07-19,288,1000,288,1.0,0.288
2023-07-20,288,1000,288,1.0,0.288
2023-07-21,287,1000,287,1.0,0.287
2023-07-24,285,1000,285,1.0,0.285
2023-07-25,285,1000,285,1.0,0.285
2023-07-26,284,1000,284,1.0,0.284
2023-07-27,285,1000,285,1.0,0.285
2023-07-28,284,1000,284,1.0,0.284
2023-07-31,284,1000,284,1.0,0.284
2023-08-01,284,1000,284,1.0,0.284
2023-08-02,285,1000,285,1.0,0.285
2023-08-03,284,1000,284,1.0,0.284
2023-08-04,284,1000,284,1.0,0.284
2023-08-07,284,1000,284,1.0,0.284
2023-08-08,285,1000,285,1.0,0.285
2023-08-09,285,1000,285,1.0,0.285
2023-08-10,285,1000,285,1.0,0.285
2023-08-11,285,1000,285,1.0,0.285
2023-08-14,285,1000,285,1.0,0.285
2023-08-15,283,1000,283,1.0,0.283
2023-08-16,283,1000,283,1.0,0.283
2023-08-17,283,1000,283,1.0,0.283
2023-08-18,280,1000,280,1.0,0.28
2023-08-21,280,1000,280,1.0,0.28
2023-08-22,280,1000,280,1.0,0.28
2023-08-23,280,1000,280,1.0,0.28
2023-08-24,280,1000,280,1.0,0.28
2023-08-25,280,1000,280,1.0,0.28
2023-08-28,279,1000,279,1.0,0.279
2023-08-29,279,1000,279,1.0,0.279
2023-08-30,279,1000,279,1.0,0.279
2023-08-31,279,1000,279,1.0,0.279
2023-09-01,279,1000,279,1.0,0.279
2023-09-04,280,1000,280,1.0,0.28
2023-09-05,281,1000,281,1.0,0.281
2023-09-06,280,1000,280,1.0,0.28
2023-09-07,281,1000,281,1.0,0.281
2023-09-08,281,1000,281,1.0,0.281
2023-09-11,281,1000,281,1.0,0.281
2023-09-12,284,1000,284,1.0,0.284
2023-09-13,284,1000,284,1.0,0.284
2023-09-14,284,1000,284,1.0,0.284
2023-09-15,284,1000,284,1.0,0.284
2023-09-18,284,1000,284,1.0,0.284
2023-09-19,285,1000,285,1.0,0.285
2023-09-20,286,1000,286,1.0,0.286
2023-09-21,285,1000,285,1.0,0.285
2023-09-22,285,1000,285,1.0,0.285
2023-09-25,285,1000,285,1.0,0.285
2023-09-26,286,1000,286,1.0,0.286
2023-09-27,286,1000,286,1.0,0.286
2023-09-28,287,1000,287,1.0,0.287
2023-10-09,288,1000,288,1.0,0.288
2023-10-10,288,1000,288,1.0,0.288
2023-10-11,288,1000,288,1.0,0.288
2023-10-12,289,1000,289,1.0,0.289
2023-10-13,289,1000,289,1.0,0.289
2023-10-16,290,1000,290,1.0,0.29
2023-10-17,289,1000,289,1.0,0.289
2023-10-18,289,1000,289,1.0,0.289
2023-10-19,290,1000,290,1.0,0.29
2023-10-20,291,1000,291,1.0,0.291
2023-10-23,290,1000,290,1.0,0.29
2023-10-24,289,1000,289,1.0,0.289
2023-10-25,289,1000,289,1.0,0.289
2023-10-26,289,1000,289,1.0,0.289
2023-10-27,289,1000,289,1.0,0.289
2023-10-30,289,1000,289,1.0,0.289
2023-10-31,289,1000,289,1.0,0.289
2023-11-01,290,1000,290,1.0,0.29
2023-11-02,290,1000,290,1.0,0.29
2023-11-03,289,1000,289,1.0,0.289
2023-11-06,289,1000,289,1.0,0.289
2023-11-07,289,1000,289,1.0,0.289
2023-11-08,290,1000,290,1.0,0.29
2023-11-09,289,1000,289,1.0,0.289
2023-11-10,290,1000,290,1.0,0.29
2023-11-13,290,1000,290,1.0,0.29
2023-11-14,290,1000,290,1.0,0.29
2023-11-15,290,1000,290,1.0,0.29
2023-11-16,290,1000,290,1.0,0.29
2023-11-17,290,1000,290,1.0,0.29
2023-11-20,291,1000,291,1.0,0.291
2023-11-21,291,1000,291,1.0,0.291
2023-11-22,291,1000,291,1.0,0.291
2023-11-23,292,1000,292,1.0,0.292
2023-11-24,292,1000,292,1.0,0.292
2023-11-27,292,1000,292,1.0,0.292
2023-11-28,292,1000,292,1.0,0.292
2023-11-29,292,1000,292,1.0,0.292
2023-11-30,292,1000,292,1.0,0.292
2023-12-01,293,1000,293,1.0,0.293
2023-12-04,293,1000,293,1.0,0.293
2023-12-05,294,1000,294,1.0,0.294
2023-12-06,294,1000,294,1.0,0.294
2023-12-07,294,1000,294,1.0,0.294
2023-12-08,294,1000,294,1.0,0.294
2023-12-11,295,1000,295,1.0,0.295
2023-12-12,295,1000,295,1.0,0.295
2023-12-13,294,1000,294,1.0,0.294
2023-12-14,293,1000,293,1.0,0.293
2023-12-15,294,1000,294,1.0,0.294
2023-12-18,293,1000,293,1.0,0.293
2023-12-19,293,1000,293,1.0,0.293
2023-12-20,293,1000,293,1.0,0.293
2023-12-21,295,1000,295,1.0,0.295
2023-12-22,295,1000,295,1.0,0.295
2023-12-25,295,1000,295,1.0,0.295
2023-12-26,295,1000,295,1.0,0.295
2023-12-27,295,1000,295,1.0,0.295
2023-12-28,294,1000,294,1.0,0.294
2023-12-29,294,1000,294,1.0,0.294
2024-01-02,293,1000,293,1.0,0.293
2024-01-03,293,1000,293,1.0,0.293
2024-01-04,293,1000,293,1.0,0.293
2024-01-05,293,1000,293,1.0,0.293
2024-01-08,293,1000,293,1.0,0.293
2024-01-09,293,1000,293,1.0,0.293
2024-01-10,293,1000,293,1.0,0.293
2024-01-11,292,1000,292,1.0,0.292
2024-01-12,293,1000,293,1.0,0.293
2024-01-15,293,1000,293,1.0,0.293
2024-01-16,293,1000,293,1.0,0.293
2024-01-17,294,1000,294,1.0,0.294
2024-01-18,294,1000,294,1.0,0.294
2024-01-19,294,1000,294,1.0,0.294
2024-01-22,294,1000,294,1.0,0.294
2024-01-23,295,1000,295,1.0,0.295
2024-01-24,293,1000,293,1.0,0.293
2024-01-25,293,1000,293,1.0,0.293
2024-01-26,294,1000,294,1.0,0.294
2024-01-29,294,1000,294,1.0,0.294
2024-01-30,293,1000,293,1.0,0.293
2024-01-31,293,1000,293,1.0,0.293
2024-02-01,293,1000,293,1.0,0.293
2024-02-02,293,1000,293,1.0,0.293
2024-02-05,293,1000,293,1.0,0.293
2024-02-06,293,1000,293,1.0,0.293
2024-02-07,293,1000,293,1.0,0.293
2024-02-08,292,1000,292,1.0,0.292
2024-02-19,292,1000,292,1.0,0.292
2024-02-20,294,1000,294,1.0,0.294
2024-02-21,294,1000,294,1.0,0.294
2024-02-22,294,1000,294,1.0,0.294
2024-02-23,294,1000,294,1.0,0.294
2024-02-26,294,1000,294,1.0,0.294
2024-02-27,294,1000,294,1.0,0.294
2024-02-28,294,1000,294,1.0,0.294
2024-02-29,294,1000,294,1.0,0.294
2024-03-01,294,1000,294,1.0,0.294
2024-03-04,294,1000,294,1.0,0.294
2024-03-05,295,1000,295,1.0,0.295
2024-03-06,294,1000,294,1.0,0.294
2024-03-07,294,1000,294,1.0,0.294
2024-03-08,294,1000,294,1.0,0.294
2024-03-11,294,1000,294,1.0,0.294
2024-03-12,293,1000,293,1.0,0.293
2024-03-13,292,1000,292,1.0,0.292
2024-03-14,292,1000,292,1.0,0.292
2024-03-15,292,1000,292,1.0,0.292
2024-03-18,292,1000,292,1.0,0.292
2024-03-19,292,1000,292,1.0,0.292
2024-03-20,292,1000,292,1.0,0.292
2024-03-21,294,1000,294,1.0,0.294
2024-03-22,294,1000,294,1.0,0.294
2024-03-25,294,1000,294,1.0,0.294
2024-03-26,294,1000,294,1.0,0.294
2024-03-27,295,1000,295,1.0,0.295
2024-03-28,295,1000,295,1.0,0.295
2024-03-29,295,1000,295,1.0,0.295
2024-04-01,296,1000,296,1.0,0.296
2024-04-02,296,1000,296,1.0,0.296
2024-04-03,296,1000,296,1.0,0.296
2024-04-08,296,1000,296,1.0,0.296
2024-04-09,296,1000,296,1.0,0.296
2024-04-10,296,1000,296,1.0,0.296
2024-04-11,297,1000,297,1.0,0.297
2024-04-12,297,1000,297,1.0,0.297
2024-04-15,297,1000,297,1.0,0.297
2024-04-16,297,1000,297,1.0,0.297
2024-04-17,297,1000,297,1.0,0.297
2024-04-18,296,1000,296,1.0,0.296
2024-04-19,296,1000,296,1.0,0.296
2024-04-22,296,1000,296,1.0,0.296
2024-04-23,297,1000,297,1.0,0.297
2024-04-24,297,1000,297,1.0,0.297
2024-04-25,297,1000,297,1.0,0.297
2024-04-26,297,1000,297,1.0,0.297
2024-04-29,297,1000,297,1.0,0.297
2024-04-30,297,1000,297,1.0,0.297
2024-05-06,297,1000,297,1.0,0.297
2024-05-07,297,1000,297,1.0,0.297
2024-05-08,297,1000,297,1.0,0.297
2024-05-09,297,1000,297,1.0,0.297
2024-05-10,298,1000,298,1.0,0.298
2024-05-13,298,1000,298,1.0,0.298
2024-05-14,298,1000,298,1.0,0.298
2024-05-15,298,1000,298,1.0,0.298
2024-05-16,298,1000,298,1.0,0.298
2024-05-17,298,1000,298,1.0,0.298
2024-05-20,298,1000,298,1.0,0.298
2024-05-21,299,1000,299,1.0,0.299
2024-05-22,298,1000,298,1.0,0.298
2024-05-23,299,1000,299,1.0,0.299
2024-05-24,299,1000,299,1.0,0.299
2024-05-27,299,1000,299,1.0,0.299
2024-05-28,299,1000,299,1.0,0.299
2024-05-29,299,1000,299,1.0,0.299
2024-05-30,299,1000,299,1.0,0.299
2024-05-31,299,1000,299,1.0,0.299
2024-06-03,299,1000,299,1.0,0.299
2024-06-04,299,1000,299,1.0,0.299
2024-06-05,298,1000,298,1.0,0.298
2024-06-06,298,1000,298,1.0,0.298
2024-06-07,298,1000,298,1.0,0.298
2024-06-11,298,1000,298,1.0,0.298
2024-06-12,297,1000,297,1.0,0.297
2024-06-13,297,1000,297,1.0,0.297
2024-06-14,297,1000,297,1.0,0.297
2024-06-17,297,1000,297,1.0,0.297
2024-06-18,297,1000,297,1.0,0.297
2024-06-19,297,1000,297,1.0,0.297
2024-06-20,296,1000,296,1.0,0.296
2024-06-21,297,1000,297,1.0,0.297
2024-06-24,297,1000,297,1.0,0.297
2024-06-25,297,1000,297,1.0,0.297
2024-06-26,297,1000,297,1.0,0.297
2024-06-27,297,1000,297,1.0,0.297
2024-06-28,297,1000,297,1.0,0.297
2024-07-01,297,1000,297,1.0,0.297
2024-07-02,297,1000,297,1.0,0.297
2024-07-03,297,1000,297,1.0,0.297
2024-07-04,297,1000,297,1.0,0.297
2024-07-05,297,1000,297,1.0,0.297
2024-07-08,297,1000,297,1.0,0.297
2024-07-09,297,1000,297,1.0,0.297
2024-07-10,297,1000,297,1.0,0.297
2024-07-11,297,1000,297,1.0,0.297
2024-07-12,297,1000,297,1.0,0.297
2024-07-15,297,1000,297,1.0,0.297
2024-07-16,297,1000,297,1.0,0.297
2024-07-17,297,1000,297,1.0,0.297
2024-07-18,297,1000,297,1.0,0.297
2024-07-19,297,1000,297,1.0,0.297
2024-07-22,297,1000,297,1.0,0.297
2024-07-23,297,1000,297,1.0,0.297
2024-07-24,297,1000,297,1.0,0.297
2024-07-25,297,1000,297,1.0,0.297
2024-07-26,297,1000,297,1.0,0.297
2024-07-29,297,1000,297,1.0,0.297
2024-07-30,297,1000,297,1.0,0.297
2024-07-31,297,1000,297,1.0,0.297
2024-08-01,297,1000,297,1.0,0.297
2024-08-02,297,1000,297,1.0,0.297
2024-08-05,297,1000,297,1.0,0.297
2024-08-06,297,1000,297,1.0,0.297
2024-08-07,297,1000,297,1.0,0.297
2024-08-08,297,1000,297,1.0,0.297
2024-08-09,297,1000,297,1.0,0.297
2024-08-12,297,1000,297,1.0,0.297
2024-08-13,297,1000,297,1.0,0.297
2024-08-14,297,1000,297,1.0,0.297
2024-08-15,297,1000,297,1.0,0.297
2024-08-16,296,1000,296,1.0,0.296
2024-08-19,296,1000,296,1.0,0.296
2024-08-20,296,1000,296,1.0,0.296
2024-08-21,296,1000,296,1.0,0.296
2024-08-22,296,1000,296,1.0,0.296
2024-08-23,296,1000,296,1.0,0.296
2024-08-26,296,1000,296,1.0,0.296
2024-08-27,296,1000,296,1.0,0.296
2024-08-28,296,1000,296,1.0,0.296
2024-08-29,296,1000,296,1.0,0.296
2024-08-30,296,1000,296,1.0,0.296
2024-09-02,296,1000,296,1.0,0.296
2024-09-03,296,1000,296,1.0,0.296
2024-09-04,296,1000,296,1.0,0.296
2024-09-05,296,1000,296,1.0,0.296
2024-09-06,296,1000,296,1.0,0.296
2024-09-09,296,1000,296,1.0,0.296
2024-09-10,296,1000,296,1.0,0.296
2024-09-11,296,1000,296,1.0,0.296
2024-09-12,296,1000,296,1.0,0.296
2024-09-13,296,1000,296,1.0,0.296
2024-09-18,296,1000,296,1.0,0.296
2024-09-19,296,1000,296,1.0,0.296
2024-09-20,296,1000,296,1.0,0.296
2024-09-23,296,1000,296,1.0,0.296
2024-09-24,296,1000,296,1.0,0.296
2024-09-25,296,1000,296,1.0,0.296
2024-09-26,296,1000,296,1.0,0.296
2024-09-27,296,1000,296,1.0,0.296
2024-09-30,297,1000,297,1.0,0.297
2024-10-08,297,1000,297,1.0,0.297
2024-10-09,297,1000,297,1.0,0.297
2024-10-10,298,1000,298,1.0,0.298
2024-10-11,297,1000,297,1.0,0.297
2024-10-14,297,1000,297,1.0,0.297
2024-10-15,297,1000,297,1.0,0.297
2024-10-16,297,1000,297,1.0,0.297
2024-10-17,297,1000,297,1.0,0.297
2024-10-18,297,1000,297,1.0,0.297
2024-10-21,297,1000,297,1.0,0.297
2024-10-22,297,1000,297,1.0,0.297
2024-10-23,297,1000,297,1.0,0.297
2024-10-24,297,1000,297,1.0,0.297
2024-10-25,296,1000,296,1.0,0.296
2024-10-28,296,1000,296,1.0,0.296
2024-10-29,296,1000,296,1.0,0.296
2024-10-30,296,1000,296,1.0,0.296
2024-10-31,296,1000,296,1.0,0.296
2024-11-01,296,1000,296,1.0,0.296
2024-11-04,296,1000,296,1.0,0.296
2024-11-05,296,1000,296,1.0,0.296
2024-11-06,296,1000,296,1.0,0.296
2024-11-07,295,1000,295,1.0,0.295
2024-11-08,295,1000,295,1.0,0.295
2024-11-11,295,1000,295,1.0,0.295
2024-11-12,295,1000,295,1.0,0.295
2024-11-13,295,1000,295,1.0,0.295
2024-11-14,295,1000,295,1.0,0.295
2024-11-15,295,1000,295,1.0,0.295
2024-11-18,295,1000,295,1.0,0.295
2024-11-19,295,1000,295,1.0,0.295
2024-11-20,295,1000,295,1.0,0.295
2024-11-21,295,1000,295,1.0,0.295
2024-11-22,294,1000,294,1.0,0.294
2024-11-25,295,1000,295,1.0,0.295
2024-11-26,295,1000,295,1.0,0.295
2024-11-27,294,1000,294,1.0,0.294
2024-11-28,295,1000,295,1.0,0.295
2024-11-29,296,1000,296,1.0,0.296
2024-12-02,296,1000,296,1.0,0.296
2024-12-03,296,1000,296,1.0,0.296
2024-12-04,296,1000,296,1.0,0.296
2024-12-05,296,1000,296,1.0,0.296
2024-12-06,296,1000,296,1.0,0.296
2024-12-09,296,1000,296,1.0,0.296
2024-12-10,297,1000,297,1.0,0.297
2024-12-11,297,1000,297,1.0,0.297
2024-12-12,297,1000,297,1.0,0.297
2024-12-13,297,1000,297,1.0,0.297
2024-12-16,298,1000,298,1.0,0.298
2024-12-17,298,1000,298,1.0,0.298
2024-12-18,298,1000,298,1.0,0.298
2024-12-19,298,1000,298,1.0,0.298
2024-12-20,298,1000,298,1.0,0.298
2024-12-23,298,1000,298,1.0,0.298
2024-12-24,298,1000,298,1.0,0.298
2024-12-25,298,1000,298,1.0,0.298
2024-12-26,298,1000,298,1.0,0.298
2024-12-27,298,1000,298,1.0,0.298
2024-12-30,298,1000,298,1.0,0.298
2024-12-31,298,1000,298,1.0,0.298
2025-01-02,298,1000,298,1.0,0.298
2025-01-03,297,1000,297,1.0,0.297
2025-01-06,297,1000,297,1.0,0.297
2025-01-07,297,1000,297,1.0,0.297
2025-01-08,298,1000,298,1.0,0.298
2025-01-09,298,1000,298,1.0,0.298
2025-01-10,296,1000,296,1.0,0.296
2025-01-13,296,1000,296,1.0,0.296
2025-01-14,296,1000,296,1.0,0.296
2025-01-15,296,1000,296,1.0,0.296
2025-01-16,297,1000,297,1.0,0.297
2025-01-17,297,1000,297,1.0,0.297
2025-01-20,297,1000,297,1.0,0.297
2025-01-21,297,1000,297,1.0,0.297
2025-01-22,297,1000,297,1.0,0.297
2025-01-23,297,1000,297,1.0,0.297
2025-01-24,297,1000,297,1.0,0.297
2025-01-27,297,1000,297,1.0,0.297
2025-02-05,297,1000,297,1.0,0.297
2025-02-06,297,1000,297,1.0,0.297
2025-02-07,297,1000,297,1.0,0.297
2025-02-10,297,1000,297,1.0,0.297
2025-02-11,297,1000,297,1.0,0.297
2025-02-12,298,1000,298,1.0,0.298
2025-02-13,298,1000,298,1.0,0.298
2025-02-14,299,1000,299,1.0,0.299
2025-02-17,299,1000,299,1.0,0.299
2025-02-18,299,1000,299,1.0,0.299
2025-02-19,299,1000,299,1.0,0.299
2025-02-20,299,1000,299,1.0,0.299
2025-02-21,299,1000,299,1.0,0.299
2025-02-24,299,1000,299,1.0,0.299
2025-02-25,299,1000,299,1.0,0.299
2025-02-26,299,1000,299,1.0,0.299
2025-02-27,299,1000,299,1.0,0.299
2025-02-28,299,1000,299,1.0,0.299
2025-03-03,299,1000,299,1.0,0.299
2025-03-04,298,1000,298,1.0,0.298
2025-03-05,298,1000,298,1.0,0.298
2025-03-06,298,1000,298,1.0,0.298
2025-03-07,297,1000,297,1.0,0.297
2025-03-10,298,1000,298,1.0,0.298
2025-03-11,298,1000,298,1.0,0.298
2025-03-12,298,1000,298,1.0,0.298
2025-03-13,297,1000,297,1.0,0.297
2025-03-14,298,1000,298,1.0,0.298
2025-03-17,298,1000,298,1.0,0.298
2025-03-18,298,1000,298,1.0,0.298
2025-03-19,298,1000,298,1.0,0.298
2025-03-20,298,1000,298,1.0,0.298
2025-03-21,298,1000,298,1.0,0.298
2025-03-24,298,1000,298,1.0,0.298
2025-03-25,297,1000,297,1.0,0.297
2025-03-26,297,1000,297,1.0,0.297
2025-03-27,297,1000,297,1.0,0.297
2025-03-28,297,1000,297,1.0,0.297
2025-03-31,297,1000,297,1.0,0.297
2025-04-01,297,1000,297,1.0,0.297
2025-04-02,297,1000,297,1.0,0.297
2025-04-03,297,1000,297,1.0,0.297
2025-04-07,298,1000,298,1.0,0.298
2025-04-08,298,1000,298,1.0,0.298
2025-04-09,298,1000,298,1.0,0.298
2025-04-10,298,1000,298,1.0,0.298
2025-04-11,298,1000,298,1.0,0.298
2025-04-14,298,1000,298,1.0,0.298
2025-04-15,298,1000,298,1.0,0.298
2025-04-16,298,1000,298,1.0,0.298
2025-04-17,298,1000,298,1.0,0.298
2025-04-18,298,1000,298,1.0,0.298
2025-04-21,298,1000,298,1.0,0.298
2025-04-22,298,1000,298,1.0,0.298
2025-04-23,298,1000,298,1.0,0.298
2025-04-24,299,1000,299,1.0,0.299
2025-04-25,299,1000,299,1.0,0.299
2025-04-28,299,1000,299,1.0,0.299
2025-04-29,299,1000,299,1.0,0.299
2025-04-30,299,1000,299,1.0,0.299
2025-05-06,300,1000,300,1.0,0.3
2025-05-07,300,1000,300,1.0,0.3
2025-05-08,300,1000,300,1.0,0.3
2025-05-09,300,1000,300,1.0,0.3
2025-05-12,300,1000,300,1.0,0.3
2025-05-13,300,1000,300,1.0,0.3
2025-05-14,300,1000,300,1.0,0.3
2025-05-15,300,1000,300,1.0,0.3
2025-05-16,299,1000,299,1.0,0.299
2025-05-19,298,1000,298,1.0,0.298
2025-05-20,298,1000,298,1.0,0.298
2025-05-21,298,1000,298,1.0,0.298
2025-05-22,298,1000,298,1.0,0.298
2025-05-23,298,1000,298,1.0,0.298
2025-05-26,298,1000,298,1.0,0.298
2025-05-27,298,1000,298,1.0,0.298
2025-05-28,298,1000,298,1.0,0.298
2025-05-29,298,1000,298,1.0,0.298
2025-05-30,298,1000,298,1.0,0.298
2025-06-03,298,1000,298,1.0,0.298
2025-06-04,298,1000,298,1.0,0.298
2025-06-05,298,1000,298,1.0,0.298
2025-06-06,298,1000,298,1.0,0.298
2025-06-09,298,1000,298,1.0,0.298
2025-06-10,298,1000,298,1.0,0.298
2025-06-11,298,1000,298,1.0,0.298
2025-06-12,298,1000,298,1.0,0.298
2025-06-13,298,1000,298,1.0,0.298
2025-06-16,298,1000,298,1.0,0.298
2025-06-17,299,1000,299,1.0,0.299
2025-06-18,300,1000,300,1.0,0.3
2025-06-19,300,1000,300,1.0,0.3
2025-06-20,300,1000,300,1.0,0.3
2025-06-23,300,1000,300,1.0,0.3
2025-06-24,300,1000,300,1.0,0.3
2025-06-25,300,1000,300,1.0,0.3
2025-06-26,300,1000,300,1.0,0.3
2025-06-27,300,1000,300,1.0,0.3
2025-06-30,300,1000,300,1.0,0.3
2025-07-01,299,1000,299,1.0,0.299
2025-07-02,299,1000,299,1.0,0.299
2025-07-03,299,1000,299,1.0,0.299
2025-07-04,299,1000,299,1.0,0.299
2025-07-07,299,1000,299,1.0,0.299
2025-07-08,299,1000,299,1.0,0.299
2025-07-09,299,1000,299,1.0,0.299
2025-07-10,299,1000,299,1.0,0.299
2025-07-11,299,1000,299,1.0,0.299
2025-07-14,299,1000,299,1.0,0.299
2025-07-15,299,1000,299,1.0,0.299
2025-07-16,299,1000,299,1.0,0.299
2025-07-17,299,1000,299,1.0,0.299
2025-07-18,299,1000,299,1.0,0.299
2025-07-21,299,1000,299,1.0,0.299
2025-07-22,299,1000,299,1.0,0.299
2025-07-23,299,1000,299,1.0,0.299
2025-07-24,299,1000,299,1.0,0.299
2025-07-25,299,1000,299,1.0,0.299
2025-07-28,299,1000,299,1.0,0.299
2025-07-29,299,1000,299,1.0,0.299
2025-07-30,299,1000,299,1.0,0.299
2025-07-31,299,1000,299,1.0,0.299
2025-08-01,300,1000,300,1.0,0.3
2025-08-04,300,1000,300,1.0,0.3
2025-08-05,300,1000,300,1.0,0.3
2025-08-06,300,1000,300,1.0,0.3
2025-08-07,300,1000,300,1.0,0.3
2025-08-08,300,1000,300,1.0,0.3
2025-08-11,300,1000,300,1.0,0.3
2025-08-12,300,1000,300,1.0,0.3
2025-08-13,300,1000,300,1.0,0.3
2025-08-14,300,1000,300,1.0,0.3
2025-08-15,300,1000,300,1.0,0.3
2025-08-18,300,1000,300,1.0,0.3
2025-08-19,300,1000,300,1.0,0.3
2025-08-20,300,1000,300,1.0,0.3
2025-08-21,300,1000,300,1.0,0.3
2025-08-22,300,1000,300,1.0,0.3
2025-08-25,300,1000,300,1.0,0.3
2025-08-26,300,1000,300,1.0,0.3
2025-08-27,300,1000,300,1.0,0.3
2025-08-28,300,1000,300,1.0,0.3
2025-08-29,300,1000,300,1.0,0.3
2025-09-01,300,1000,300,1.0,0.3
2025-09-02,300,1000,300,1.0,0.3
2025-09-03,300,1000,300,1.0,0.3
2025-09-04,300,1000,300,1.0,0.3
2025-09-05,300,1000,300,1.0,0.3
2025-09-08,300,1000,300,1.0,0.3
2025-09-09,300,1000,300,1.0,0.3
2025-09-10,299,1000,299,1.0,0.299
2025-09-11,299,1000,299,1.0,0.299
2025-09-12,299,1000,299,1.0,0.299
2025-09-15,299,1000,299,1.0,0.299
2025-09-16,299,1000,299,1.0,0.299
2025-09-17,299,1000,299,1.0,0.299
2025-09-18,299,1000,299,1.0,0.299
2025-09-19,299,1000,299,1.0,0.299
2025-09-22,299,1000,299,1.0,0.299
2025-09-23,299,1000,299,1.0,0.299
2025-09-24,299,1000,299,1.0,0.299
2025-09-25,299,1000,299,1.0,0.299
2025-09-26,299,1000,299,1.0,0.299
2025-09-29,299,1000,299,1.0,0.299
2025-09-30,298,1000,298,1.0,0.298
2025-10-09,298,1000,298,1.0,0.298
2025-10-10,298,1000,298,1.0,0.298
2025-10-13,299,1000,299,1.0,0.299
2025-10-14,299,1000,299,1.0,0.299
2025-10-15,299,1000,299,1.0,0.299
2025-10-16,299,1000,299,1.0,0.299
2025-10-17,299,1000,299,1.0,0.299
2025-10-20,299,1000,299,1.0,0.299
2025-10-21,299,1000,299,1.0,0.299
2025-10-22,299,1000,299,1.0,0.299
2025-10-23,299,1000,299,1.0,0.299
2025-10-24,299,1000,299,1.0,0.299
2025-10-27,299,1000,299,1.0,0.299
2025-10-28,298,1000,298,1.0,0.298
2025-10-29,298,1000,298,1.0,0.298
2025-10-30,298,1000,298,1.0,0.298
2025-10-31,298,1000,298,1.0,0.298
2025-11-03,298,1000,298,1.0,0.298
2025-11-04,298,1000,298,1.0,0.298
2025-11-05,298,1000,298,1.0,0.298
2025-11-06,298,1000,298,1.0,0.298
2025-11-07,298,1000,298,1.0,0.298
2025-11-10,298,1000,298,1.0,0.298
2025-11-11,299,1000,299,1.0,0.299
2025-11-12,299,1000,299,1.0,0.299
2025-11-13,299,1000,299,1.0,0.299
2025-11-14,299,1000,299,1.0,0.299
2025-11-17,299,1000,299,1.0,0.299
2025-11-18,298,1000,298,1.0,0.298
2025-11-19,298,1000,298,1.0,0.298
2025-11-20,298,1000,298,1.0,0.298
2025-11-21,298,1000,298,1.0,0.298
2025-11-24,298,1000,298,1.0,0.298
2025-11-25,297,1000,297,1.0,0.297
2025-11-26,297,1000,297,1.0,0.297
2025-11-27,297,1000,297,1.0,0.297
2025-11-28,297,1000,297,1.0,0.297
2025-12-01,297,1000,297,1.0,0.297
2025-12-02,297,1000,297,1.0,0.297
2025-12-03,296,1000,296,1.0,0.296
2025-12-04,296,1000,296,1.0,0.296
2025-12-05,296,1000,296,1.0,0.296
2025-12-08,296,1000,296,1.0,0.296
2025-12-09,296,1000,296,1.0,0.296
2025-12-10,296,1000,296,1.0,0.296
2025-12-11,296,1000,296,1.0,0.296
2025-12-12,296,1000,296,1.0,0.296
2025-12-15,296,1000,296,1.0,0.296
2025-12-16,296,1000,296,1.0,0.296
2025-12-17,296,1000,296,1.0,0.296
2025-12-18,296,1000,296,1.0,0.296
2025-12-19,297,1000,297,1.0,0.297
2025-12-22,297,1000,297,1.0,0.297
2025-12-23,296,1000,296,1.0,0.296
2025-12-24,296,1000,296,1.0,0.296
2025-12-25,296,1000,296,1.0,0.296
2025-12-26,296,1000,296,1.0,0.296
2025-12-29,296,1000,296,1.0,0.296
2025-12-30,297,1000,297,1.0,0.297
2025-12-31,297,1000,297,1.0,0.297
2026-01-05,296,1000,296,1.0,0.296
2026-01-06,296,1000,296,1.0,0.296
2026-01-07,296,1000,296,1.0,0.296
2026-01-08,296,1000,296,1.0,0.296
2026-01-09,296,1000,296,1.0,0.296
2026-01-12,296,1000,296,1.0,0.296
2026-01-13,296,1000,296,1.0,0.296
2026-01-14,296,1000,296,1.0,0.296
2026-01-15,296,1000,296,1.0,0.296
2026-01-16,296,1000,296,1.0,0.296
2026-01-19,296,1000,296,1.0,0.296
2026-01-20,297,1000,297,1.0,0.297
2026-01-21,297,1000,297,1.0,0.297
2026-01-22,298,1000,298,1.0,0.298
2026-01-23,298,1000,298,1.0,0.298
2026-01-26,298,1000,298,1.0,0.298
2026-01-27,298,1000,298,1.0,0.298
2026-01-28,297,1000,297,1.0,0.297
2026-01-29,297,1000,297,1.0,0.297
2026-01-30,297,1000,297,1.0,0.297
2026-02-02,297,1000,297,1.0,0.297
2026-02-03,297,1000,297,1.0,0.297
2026-02-04,297,1000,297,1.0,0.297
2026-02-05,297,1000,297,1.0,0.297
2026-02-06,297,1000,297,1.0,0.297
2026-02-09,297,1000,297,1.0,0.297
2026-02-10,296,1000,296,1.0,0.296
2026-02-11,296,1000,296,1.0,0.296
2026-02-12,296,1000,296,1.0,0.296
2026-02-13,296,1000,296,1.0,0.296
2026-02-24,296,1000,296,1.0,0.296
2026-02-25,296,1000,296,1.0,0.296
2026-02-26,296,1000,296,1.0,0.296
2026-02-27,296,1000,296,1.0,0.296
2026-03-02,296,1000,296,1.0,0.296
2026-03-03,296,1000,296,1.0,0.296
2026-03-04,296,1000,296,1.0,0.296
2026-03-05,296,1000,296,1.0,0.296
2026-03-06,295,1000,295,1.0,0.295
2026-03-09,295,1000,295,1.0,0.295
2026-03-10,295,1000,295,1.0,0.295
2026-03-11,295,1000,295,1.0,0.295
2026-03-12,295,1000,295,1.0,0.295
2026-03-13,295,1000,295,1.0,0.295
2026-03-16,295,1000,295,1.0,0.295
2026-03-17,295,1000,295,1.0,0.295
2026-03-18,295,1000,295,1.0,0.295
2026-03-19,295,1000,295,1.0,0.295
2026-03-20,295,1000,295,1.0,0.295
2026-03-23,295,1000,295,1.0,0.295
2026-03-24,295,1000,295,1.0,0.295
2026-03-25,295,1000,295,1.0,0.295
2026-03-26,296,1000,296,1.0,0.296
2026-03-27,296,1000,296,1.0,0.296
2026-03-30,296,1000,296,1.0,0.296
2026-03-31,296,1000,296,1.0,0.296
2026-04-01,296,1000,296,1.0,0.296
2026-04-02,297,1000,297,1.0,0.297
2026-04-03,297,1000,297,1.0,0.297
2026-04-07,297,1000,297,1.0,0.297
2026-04-08,297,1000,297,1.0,0.297
2026-04-09,297,1000,297,1.0,0.297
2026-04-10,297,1000,297,1.0,0.297
2026-04-13,297,1000,297,1.0,0.297
2026-04-14,297,1000,297,1.0,0.297
2026-04-15,297,1000,297,1.0,0.297
2026-04-16,297,1000,297,1.0,0.297
2026-04-17,297,1000,297,1.0,0.297
2026-04-20,297,1000,297,1.0,0.297
2026-04-21,297,1000,297,1.0,0.297
2026-04-22,298,1000,298,1.0,0.298
2026-04-23,298,1000,298,1.0,0.298
2026-04-24,298,1000,298,1.0,0.298
2026-04-27,298,1000,298,1.0,0.298
2026-04-28,298,1000,298,1.0,0.298
2026-04-29,299,1000,299,1.0,0.299
2026-04-30,299,1000,299,1.0,0.299
2026-05-06,299,1000,299,1.0,0.299
2026-05-07,299,1000,299,1.0,0.299
2026-05-08,299,1000,299,1.0,0.299
2026-05-11,298,1000,298,1.0,0.298
2026-05-12,296,1000,296,1.0,0.296
2026-05-13,297,1000,297,1.0,0.297
2026-05-14,297,1000,297,1.0,0.297
2026-05-15,297,1000,297,1.0,0.297
2026-05-18,297,1000,297,1.0,0.297
2026-05-19,297,1000,297,1.0,0.297
2026-05-20,297,1000,297,1.0,0.297
2026-05-21,297,1000,297,1.0,0.297
2026-05-22,297,1000,297,1.0,0.297
2026-05-25,297,1000,297,1.0,0.297
2026-05-26,297,1000,297,1.0,0.297
2026-05-27,297,1000,297,1.0,0.297
2026-05-28,298,1000,298,1.0,0.298
2026-05-29,297,1000,297,1.0,0.297
2026-06-01,297,1000,297,1.0,0.297
2026-06-02,297,1000,297,1.0,0.297
2026-06-03,297,1000,297,1.0,0.297
2026-06-04,297,1000,297,1.0,0.297
2026-06-05,297,1000,297,1.0,0.297
2026-06-08,297,1000,297,1.0,0.297
2026-06-09,297,1000,297,1.0,0.297
2026-06-10,298,1000,298,1.0,0.298
2026-06-11,298,1000,298,1.0,0.298
2026-06-12,298,1000,298,1.0,0.298
2026-06-15,298,1000,298,1.0,0.298
2026-06-16,298,1000,298,1.0,0.298
2026-06-17,298,1000,298,1.0,0.298
2026-06-18,298,1000,298,1.0,0.298
2026-06-22,298,1000,298,1.0,0.298
2026-06-23,298,1000,298,1.0,0.298
2026-06-24,298,1000,298,1.0,0.298
