date,industry,weight
2025-01-03,unknown,0.5503136875092388
2025-01-03,C 制造业,0.2277577994828951
2025-01-03,J 金融业,0.0758939887359006
2025-01-03,I 信息技术,0.0569560196740154
2025-01-03,K 房地产,0.0190035885809267
2025-01-03,B 采矿业,0.0190000875513429
2025-01-06,unknown,0.593268502397174
2025-01-06,C 制造业,0.2629881386873935
2025-01-06,J 金融业,0.0751129170467076
2025-01-06,I 信息技术,0.037544201311901004
2025-01-06,K 房地产,0.0189851757568135
2025-01-07,unknown,0.6158564662435141
2025-01-07,C 制造业,0.24216378519876292
2025-01-07,J 金融业,0.0747780156066601
2025-01-07,I 信息技术,0.0376502278905403
2025-01-07,K 房地产,0.0186836998671
2025-01-08,unknown,0.4916759618805792
2025-01-08,C 制造业,0.3461317879314834
2025-01-08,J 金融业,0.07410705427762851
2025-01-08,I 信息技术,0.03757830961111561
2025-01-08,R 文化传播,0.0209519253343048
2025-01-08,K 房地产,0.0184786044204967
2025-01-09,unknown,0.48932680305987847
2025-01-09,C 制造业,0.3081964283566059
2025-01-09,J 金融业,0.09431145741482841
2025-01-09,I 信息技术,0.0581266322405074
2025-01-09,R 文化传播,0.0206354210367842
2025-01-09,K 房地产,0.0183666468380041
2025-01-10,unknown,0.4910750283703939
2025-01-10,C 制造业,0.3063501402342626
2025-01-10,J 金融业,0.0945428420362128
2025-01-10,I 信息技术,0.058700057033682
2025-01-10,K 房地产,0.0181047534305686
2025-01-13,unknown,0.4906825829486493
2025-01-13,C 制造业,0.3254901671800851
2025-01-13,J 金融业,0.0746229368784752
2025-01-13,I 信息技术,0.059151676745429704
2025-01-13,B 采矿业,0.02000718800734
2025-01-13,K 房地产,0.0183158704617185
2025-01-14,unknown,0.5547459044234971
2025-01-14,C 制造业,0.239702112309875
2025-01-14,J 金融业,0.0985872789408931
2025-01-14,I 信息技术,0.0379382139358523
2025-01-14,Q 卫生,0.0210727502569619
2025-01-14,B 采矿业,0.0189005624904912
2025-01-14,K 房地产,0.0179161438725715
2025-01-15,unknown,0.537185432334286
2025-01-15,C 制造业,0.2768484640872503
2025-01-15,J 金融业,0.0788932696876055
2025-01-15,I 信息技术,0.038664261871449404
2025-01-15,Q 卫生,0.0210311433368714
2025-01-15,B 采矿业,0.0189205688954488
2025-01-15,K 房地产,0.0179830524540733
2025-01-16,unknown,0.5508933252753307
2025-01-16,C 制造业,0.2637993269867806
2025-01-16,J 金融业,0.0985659482628098
2025-01-16,Q 卫生,0.0207209683021749
2025-01-16,I 信息技术,0.018807602272507
2025-01-16,B 采矿业,0.0186675386030494
2025-01-16,K 房地产,0.0178276524246364
2025-01-17,unknown,0.5490236773713261
2025-01-17,C 制造业,0.2863518387226636
2025-01-17,J 金融业,0.058998225059155904
2025-01-17,I 信息技术,0.038625875156402395
2025-01-17,Q 卫生,0.0206084955981304
2025-01-17,B 采矿业,0.0186271845662869
2025-01-17,K 房地产,0.0171427072411012
2025-01-20,unknown,0.5284683629348004
2025-01-20,C 制造业,0.3074370437658842
2025-01-20,J 金融业,0.0387202491840747
2025-01-20,I 信息技术,0.038178353866181
2025-01-20,Q 卫生,0.0206059632244743
2025-01-20,G 运输仓储,0.0200185996595365
2025-01-20,B 采矿业,0.018195940085819
2025-01-20,K 房地产,0.0176658566665399
2025-01-21,unknown,0.5092025116627512
2025-01-21,C 制造业,0.3657456575854306
2025-01-21,J 金融业,0.03868915528183
2025-01-21,Q 卫生,0.0204239216081612
2025-01-21,K 房地产,0.0189063448304565
2025-01-21,I 信息技术,0.0184067912955439
2025-01-21,B 采矿业,0.0178582294736329
2025-01-22,unknown,0.4876456160589238
2025-01-22,C 制造业,0.3886449570582058
2025-01-22,J 金融业,0.0382683703522616
2025-01-22,Q 卫生,0.0202670100113266
2025-01-22,B 采矿业,0.0184776767863658
2025-01-22,K 房地产,0.0180279502923787
2025-01-22,I 信息技术,0.0178600117849147
2025-01-23,unknown,0.4842420463951547
2025-01-23,C 制造业,0.4082566223303397
2025-01-23,J 金融业,0.038973378459660396
2025-01-23,Q 卫生,0.0205043699655856
2025-01-23,K 房地产,0.0190121104422036
2025-01-23,B 采矿业,0.0183303217560966
2025-01-24,unknown,0.5662474329076623
2025-01-24,C 制造业,0.3244198336074491
2025-01-24,J 金融业,0.0389216633187556
2025-01-24,I 信息技术,0.0203939139205253
2025-01-24,Q 卫生,0.0202876618684087
2025-01-24,K 房地产,0.0188722904282365
2025-01-27,unknown,0.5693151350722242
2025-01-27,C 制造业,0.3198990655326914
2025-01-27,J 金融业,0.039032129636386595
2025-01-27,I 信息技术,0.021134718916143
2025-01-27,Q 卫生,0.0205819398072245
2025-01-27,K 房地产,0.0189130377330866
2025-02-05,unknown,0.4529213081737252
2025-02-05,C 制造业,0.3950214081154965
2025-02-05,J 金融业,0.0798630386292637
2025-02-05,I 信息技术,0.0225264703333952
2025-02-05,Q 卫生,0.0206969282770571
2025-02-05,K 房地产,0.0179957293492357
2025-02-06,unknown,0.5153913140899146
2025-02-06,C 制造业,0.3134543764673642
2025-02-06,J 金融业,0.08042903938194171
2025-02-06,I 信息技术,0.041969448425269104
2025-02-06,Q 卫生,0.0204375124322652
2025-02-06,K 房地产,0.0175960012179935
2025-02-07,unknown,0.3971763978668971
2025-02-07,C 制造业,0.3933418778600339
2025-02-07,J 金融业,0.0810805049626944
2025-02-07,I 信息技术,0.059464493088123
2025-02-07,Q 卫生,0.0206560614226607
2025-02-07,R 文化传播,0.019631701897642
2025-02-07,K 房地产,0.0182269989015072
2025-02-10,unknown,0.4140335879696659
2025-02-10,C 制造业,0.4135772714442239
2025-02-10,J 金融业,0.0809285922507862
2025-02-10,I 信息技术,0.041522348974246504
2025-02-10,Q 卫生,0.0207612772523808
2025-02-10,K 房地产,0.0179977045577413
2025-02-11,unknown,0.4348364332158563
2025-02-11,C 制造业,0.3745214808899568
2025-02-11,J 金融业,0.0803434962369735
2025-02-11,I 信息技术,0.0209123451705659
2025-02-11,R 文化传播,0.0203203492704765
2025-02-11,B 采矿业,0.0203153504453498
2025-02-11,Q 卫生,0.0202630425479677
2025-02-11,K 房地产,0.017638617351833
2025-02-12,unknown,0.5326168705342678
2025-02-12,C 制造业,0.33470797738120067
2025-02-12,I 信息技术,0.042042003862462
2025-02-12,J 金融业,0.0209715511339401
2025-02-12,Q 卫生,0.0200295815779957
2025-02-12,B 采矿业,0.0194584126201649
2025-02-12,K 房地产,0.018975219119973
2025-02-13,unknown,0.5682174250653517
2025-02-13,C 制造业,0.2996422819567207
2025-02-13,I 信息技术,0.0420586213490994
2025-02-13,J 金融业,0.020480565904882
2025-02-13,Q 卫生,0.0204471181610146
2025-02-13,B 采矿业,0.0196076446487143
2025-02-13,K 房地产,0.0192007111179332
2025-02-14,unknown,0.6073223767080876
2025-02-14,C 制造业,0.2996067931398245
2025-02-14,I 信息技术,0.0408208807253547
2025-02-14,Q 卫生,0.0208066838825255
2025-02-14,J 金融业,0.0205261482551822
2025-02-17,unknown,0.5283543562000985
2025-02-17,C 制造业,0.3597976410944236
2025-02-17,I 信息技术,0.059746122819556505
2025-02-17,Q 卫生,0.021070378415662
2025-02-17,J 金融业,0.0207409945394858
2025-02-18,unknown,0.5700316469028355
2025-02-18,C 制造业,0.3605812700822461
2025-02-18,B 采矿业,0.0199576392238301
2025-02-18,J 金融业,0.0199126352201945
2025-02-18,I 信息技术,0.0187469415634237
2025-02-19,unknown,0.5296106694224307
2025-02-19,C 制造业,0.3602271847647186
2025-02-19,I 信息技术,0.0593237289151029
2025-02-19,J 金融业,0.0202988421119203
2025-02-19,B 采矿业,0.0196673724867291
2025-02-20,unknown,0.5081418701539013
2025-02-20,C 制造业,0.4028294938332745
2025-02-20,I 信息技术,0.058756086968163604
2025-02-20,B 采矿业,0.0196380633932527
2025-02-21,unknown,0.5451778782707579
2025-02-21,C 制造业,0.4008430695020515
2025-02-21,I 信息技术,0.0433969860331259
2025-02-24,unknown,0.5293650160557739
2025-02-24,C 制造业,0.3997069697648931
2025-02-24,J 金融业,0.0202945653468363
2025-02-24,F 批发零售,0.0202863819384402
2025-02-24,I 信息技术,0.01953279976142
2025-02-25,unknown,0.576734098100263
2025-02-25,C 制造业,0.3742892496078712
2025-02-25,J 金融业,0.0201458518742183
2025-02-25,I 信息技术,0.0193094136904954
2025-02-26,unknown,0.5605288007969911
2025-02-26,C 制造业,0.391488784600816
2025-02-26,R 文化传播,0.0195960427131415
2025-02-26,I 信息技术,0.0189574626392646
2025-02-27,unknown,0.4602052314504278
2025-02-27,C 制造业,0.4316450451723508
2025-02-27,G 运输仓储,0.0400223624039574
2025-02-27,I 信息技术,0.0391641520378478
2025-02-27,R 文化传播,0.0194336308080929
2025-02-28,unknown,0.4825322270721888
2025-02-28,C 制造业,0.4271771421024304
2025-02-28,G 运输仓储,0.041359655009507
2025-02-28,R 文化传播,0.0197165286249176
2025-02-28,I 信息技术,0.0195935560177828
2025-03-03,unknown,0.5397561882961259
2025-03-03,C 制造业,0.3895780261739709
2025-03-03,G 运输仓储,0.0205001174524291
2025-03-03,I 信息技术,0.0203730390812215
2025-03-03,R 文化传播,0.0201778585720619
2025-03-04,unknown,0.4826883604706601
2025-03-04,C 制造业,0.4278941389339419
2025-03-04,I 信息技术,0.039814965376162706
2025-03-04,G 运输仓储,0.0208327627356276
2025-03-04,R 文化传播,0.0193954490811595
2025-03-05,unknown,0.4817278666322806
2025-03-05,C 制造业,0.4089555338514366
2025-03-05,I 信息技术,0.059898301297054105
2025-03-05,G 运输仓储,0.0205038505475434
2025-03-05,R 文化传播,0.0192918527602288
2025-03-06,unknown,0.48450289095658783
2025-03-06,C 制造业,0.4257190861532437
2025-03-06,I 信息技术,0.041230655927960005
2025-03-06,G 运输仓储,0.0197165806526365
2025-03-06,R 文化传播,0.0193757692518017
2025-03-07,unknown,0.5049838535864134
2025-03-07,C 制造业,0.367519711283862
2025-03-07,J 金融业,0.0397908692087152
2025-03-07,L 商务服务,0.0199721560307581
2025-03-07,G 运输仓储,0.019905025941376
2025-03-07,I 信息技术,0.0194038348871803
2025-03-07,R 文化传播,0.0187609557171154
2025-03-10,unknown,0.5375126628042288
2025-03-10,C 制造业,0.3937154924191671
2025-03-10,L 商务服务,0.0200111245283348
2025-03-10,G 运输仓储,0.0193775374917788
2025-03-10,R 文化传播,0.0188888117947996
2025-03-11,unknown,0.5802701553960277
2025-03-11,C 制造业,0.3299465931505514
2025-03-11,I 信息技术,0.0206361096150363
2025-03-11,L 商务服务,0.0200519808878749
2025-03-11,G 运输仓储,0.0192327590250137
2025-03-11,R 文化传播,0.0189941390485162
2025-03-12,unknown,0.5781189196820042
2025-03-12,C 制造业,0.3711916316700943
2025-03-12,I 信息技术,0.0211721672034412
2025-03-12,G 运输仓储,0.0190234429349629
2025-03-13,unknown,0.5763984882204015
2025-03-13,C 制造业,0.3736037705076165
2025-03-13,L 商务服务,0.0200240280623113
2025-03-13,G 运输仓储,0.0192533377390455
2025-03-14,unknown,0.5564891161826163
2025-03-14,C 制造业,0.41345918037503343
2025-03-14,R 文化传播,0.01956596920565
2025-03-17,unknown,0.5762936871155574
2025-03-17,C 制造业,0.3139538141383412
2025-03-17,J 金融业,0.0792147458371161
2025-03-17,A 农林牧渔,0.0198462553776274
2025-03-18,unknown,0.5968526972859113
2025-03-18,C 制造业,0.3335921047896794
2025-03-18,J 金融业,0.0397330802748848
2025-03-18,A 农林牧渔,0.0194525105772383
2025-03-19,unknown,0.5732096751804471
2025-03-19,C 制造业,0.3348601905918831
2025-03-19,J 金融业,0.041013370540241706
2025-03-19,B 采矿业,0.02041300431923
2025-03-19,A 农林牧渔,0.0196564537376067
2025-03-20,unknown,0.590925272297434
2025-03-20,C 制造业,0.3190365416309129
2025-03-20,J 金融业,0.0205223356834033
2025-03-20,R 文化传播,0.0197036893664326
2025-03-20,I 信息技术,0.0196772865510311
2025-03-20,A 农林牧渔,0.0195897927770513
2025-03-21,unknown,0.6104460233644683
2025-03-21,C 制造业,0.2991568977521271
2025-03-21,I 信息技术,0.0394087739855607
2025-03-21,A 农林牧渔,0.0201426746998783
2025-03-21,J 金融业,0.0201138252029649
2025-03-24,unknown,0.5726879683027489
2025-03-24,C 制造业,0.3184235669966274
2025-03-24,I 信息技术,0.0786297431225167
2025-03-24,L 商务服务,0.0197958140736772
2025-03-25,unknown,0.553756143920553
2025-03-25,C 制造业,0.3785905612514881
2025-03-25,I 信息技术,0.0570180455936792
2025-03-26,unknown,0.5530584675381814
2025-03-26,C 制造业,0.3787917605775732
2025-03-26,I 信息技术,0.057340922851135304
2025-03-27,unknown,0.6128716002073193
2025-03-27,C 制造业,0.2991834304650816
2025-03-27,I 信息技术,0.0575673071203812
2025-03-27,J 金融业,0.0198702647801706
2025-03-28,unknown,0.5528181188929495
2025-03-28,C 制造业,0.3384842189715867
2025-03-28,J 金融业,0.039957793385851204
2025-03-28,I 信息技术,0.0379599960280384
2025-03-28,F 批发零售,0.0200452583208078
2025-03-31,unknown,0.5701549568480828
2025-03-31,C 制造业,0.3203046604719681
2025-03-31,I 信息技术,0.058566824219676294
2025-03-31,B 采矿业,0.0201350470561209
2025-03-31,F 批发零售,0.0200769661178271
2025-04-01,unknown,0.6319455572243876
2025-04-01,C 制造业,0.2578515774988296
2025-04-01,I 信息技术,0.0800249367789299
2025-04-01,B 采矿业,0.0196228326494603
2025-04-02,unknown,0.5702567009289798
2025-04-02,C 制造业,0.3390582254359929
2025-04-02,I 信息技术,0.0601533687838536
2025-04-02,F 批发零售,0.0199797328467443
2025-04-03,unknown,0.59397892229722
2025-04-03,C 制造业,0.3128212495158872
2025-04-03,I 信息技术,0.0418894264268792
2025-04-03,F 批发零售,0.0203455060444221
2025-04-03,L 商务服务,0.0202014308319382
2025-04-07,unknown,0.556014561837819
2025-04-07,C 制造业,0.3500979108524737
2025-04-07,I 信息技术,0.0408372464582744
2025-04-07,F 批发零售,0.0214093737916811
2025-04-07,K 房地产,0.0205792138158822
2025-04-08,unknown,0.4551160230119265
2025-04-08,C 制造业,0.4287135312488939
2025-04-08,I 信息技术,0.0623084941449983
2025-04-08,F 批发零售,0.0214492272598823
2025-04-08,R 文化传播,0.0211003089371238
2025-04-09,unknown,0.4772502461368397
2025-04-09,C 制造业,0.3849427895964576
2025-04-09,I 信息技术,0.1051946776784155
2025-04-09,R 文化传播,0.0214933492209987
2025-04-10,unknown,0.4545424974064745
2025-04-10,C 制造业,0.4315622468137928
2025-04-10,I 信息技术,0.103378434532559
2025-04-11,C 制造业,0.4942062645630304
2025-04-11,unknown,0.3930582678881274
2025-04-11,I 信息技术,0.0828510781753809
2025-04-11,F 批发零售,0.0194999459840067
2025-04-14,C 制造业,0.494840589008404
2025-04-14,unknown,0.4116841211868669
2025-04-14,I 信息技术,0.08288566784005699
2025-04-15,C 制造业,0.4894595608848276
2025-04-15,unknown,0.3956212023262804
2025-04-15,I 信息技术,0.0633181070689049
2025-04-15,J 金融业,0.0203295331896569
2025-04-15,B 采矿业,0.0203238493568283
2025-04-16,C 制造业,0.5064841728379323
2025-04-16,unknown,0.3979001323639504
2025-04-16,I 信息技术,0.0424272771843174
2025-04-16,B 采矿业,0.0217923865449176
2025-04-16,L 商务服务,0.0203665803441554
2025-04-17,C 制造业,0.4449543267094874
2025-04-17,unknown,0.43951490345834077
2025-04-17,I 信息技术,0.042266000772931994
2025-04-17,B 采矿业,0.0210162604455025
2025-04-17,L 商务服务,0.0205289602373087
2025-04-17,R 文化传播,0.0205236116576733
2025-04-18,unknown,0.45714872332541223
2025-04-18,C 制造业,0.4490293648427403
2025-04-18,I 信息技术,0.0214000389660834
2025-04-18,R 文化传播,0.0209262840699424
2025-04-18,L 商务服务,0.0204768052329199
2025-04-18,B 采矿业,0.0201939493491697
2025-04-21,unknown,0.5153226817952198
2025-04-21,C 制造业,0.3911939438580847
2025-04-21,I 信息技术,0.0213142423993224
2025-04-21,B 采矿业,0.0212904157554622
2025-04-21,F 批发零售,0.0201912170881384
2025-04-21,L 商务服务,0.019934027190133
2025-04-22,unknown,0.5618292289123308
2025-04-22,C 制造业,0.3658951707660276
2025-04-22,B 采矿业,0.021147440338412
2025-04-22,J 金融业,0.0204668908843413
2025-04-22,L 商务服务,0.0198760661525439
2025-04-23,unknown,0.5143701411296678
2025-04-23,C 制造业,0.395773589506688
2025-04-23,J 金融业,0.0201284092797349
2025-04-23,I 信息技术,0.0200781180148318
2025-04-23,B 采矿业,0.0194918303131464
2025-04-23,L 商务服务,0.0194274479795244
2025-04-24,unknown,0.637757199026427
2025-04-24,C 制造业,0.2730348240110218
2025-04-24,J 金融业,0.039177964436417495
2025-04-24,L 商务服务,0.0197048892902288
2025-04-24,B 采矿业,0.0194926172265326
2025-04-25,unknown,0.5354895094695068
2025-04-25,C 制造业,0.3358731851434764
2025-04-25,I 信息技术,0.0402356502759708
2025-04-25,J 金融业,0.038747648317170494
2025-04-25,L 商务服务,0.0195756619194889
2025-04-25,B 采矿业,0.0191950588264575
2025-04-28,unknown,0.4758712878171382
2025-04-28,C 制造业,0.3927072884679197
2025-04-28,I 信息技术,0.0812051640482993
2025-04-28,J 金融业,0.0201833246853246
2025-04-28,L 商务服务,0.0194452080075195
2025-04-29,C 制造业,0.4911549552346522
2025-04-29,unknown,0.3756995866666848
2025-04-29,I 信息技术,0.0822594913234805
2025-04-29,B 采矿业,0.0201380554627024
2025-04-29,L 商务服务,0.0200342980638173
2025-04-30,C 制造业,0.4910499326501803
2025-04-30,unknown,0.4163797432623364
2025-04-30,I 信息技术,0.0623370699296514
2025-04-30,J 金融业,0.0197717823041948
2025-05-06,C 制造业,0.5504531939763654
2025-05-06,unknown,0.3780602842555547
2025-05-06,I 信息技术,0.0412624260620236
2025-05-06,F 批发零售,0.0197097659101141
2025-05-07,C 制造业,0.4900081968342055
2025-05-07,unknown,0.4590618822737291
2025-05-07,J 金融业,0.0202609857106002
2025-05-07,I 信息技术,0.0200054212760895
2025-05-08,C 制造业,0.5338711679091858
2025-05-08,unknown,0.43591745477862387
2025-05-08,I 信息技术,0.0197346495500856
2025-05-09,unknown,0.4758133625728141
2025-05-09,C 制造业,0.454252260288731
2025-05-09,I 信息技术,0.0592884368469275
2025-05-12,unknown,0.4731880538537301
2025-05-12,C 制造业,0.4376652655619342
2025-05-12,I 信息技术,0.0783293196895872
2025-05-13,unknown,0.576458494608364
2025-05-13,C 制造业,0.3135259729750706
2025-05-13,I 信息技术,0.058617375571811195
2025-05-13,B 采矿业,0.02030086567023
2025-05-13,J 金融业,0.0202644860319291
2025-05-14,unknown,0.5966471779382739
2025-05-14,C 制造业,0.2926996122804244
2025-05-14,I 信息技术,0.0786107901700279
2025-05-14,J 金融业,0.0214038273846765
2025-05-15,unknown,0.6349222357938586
2025-05-15,C 制造业,0.23523089134004088
2025-05-15,J 金融业,0.040438108583364704
2025-05-15,I 信息技术,0.038058655126309904
2025-05-15,G 运输仓储,0.0196722584704254
2025-05-15,B 采矿业,0.0196590887277148
2025-05-16,unknown,0.574697038077845
2025-05-16,C 制造业,0.2968059168135093
2025-05-16,I 信息技术,0.0980829400808263
2025-05-16,B 采矿业,0.0197080395163192
2025-05-19,unknown,0.4928012060579762
2025-05-19,C 制造业,0.3780686144994621
2025-05-19,I 信息技术,0.0786044221771255
2025-05-19,J 金融业,0.0200361031351611
2025-05-19,B 采矿业,0.0198805982062895
2025-05-20,unknown,0.5313330992868404
2025-05-20,C 制造业,0.3383812317135827
2025-05-20,I 信息技术,0.0795741862942767
2025-05-20,J 金融业,0.0202316196253893
2025-05-20,B 采矿业,0.0200509716368261
2025-05-21,unknown,0.4323164609343872
2025-05-21,C 制造业,0.3773950249708536
2025-05-21,I 信息技术,0.0788247187596219
2025-05-21,B 采矿业,0.0210244894717219
2025-05-21,J 金融业,0.0207868819820703
2025-05-21,F 批发零售,0.0197101236772539
2025-05-21,R 文化传播,0.0197060995026734
2025-05-21,G 运输仓储,0.0196851152338708
2025-05-22,unknown,0.4532846488223996
2025-05-22,C 制造业,0.4142059045445707
2025-05-22,I 信息技术,0.0609348731620302
2025-05-22,J 金融业,0.0207766628944983
2025-05-22,B 采矿业,0.020724340304345
2025-05-22,R 文化传播,0.0194449504235627
2025-05-23,C 制造业,0.4759234157115547
2025-05-23,unknown,0.4356396378355934
2025-05-23,I 信息技术,0.0370133865455445
2025-05-23,J 金融业,0.0209386411936806
2025-05-23,R 文化传播,0.0194672739992111
2025-05-26,C 制造业,0.5165174057411299
2025-05-26,unknown,0.4149867128780364
2025-05-26,I 信息技术,0.0379265433766063
2025-05-26,R 文化传播,0.0197952560423391
2025-05-27,C 制造业,0.5560985349486612
2025-05-27,unknown,0.3551296494087503
2025-05-27,I 信息技术,0.0579072603007114
2025-05-27,R 文化传播,0.0200321621821129
2025-05-28,C 制造业,0.51418246534107
2025-05-28,unknown,0.39785089770848
2025-05-28,I 信息技术,0.0371047855120104
2025-05-28,J 金融业,0.0203178707273295
2025-05-28,R 文化传播,0.0198090337101779
2025-05-29,C 制造业,0.4764331195138062
2025-05-29,unknown,0.415915064931446
2025-05-29,I 信息技术,0.0571823602807133
2025-05-29,R 文化传播,0.0198099002377965
2025-05-29,J 金融业,0.0197714410241165
2025-05-30,unknown,0.4556805564857749
2025-05-30,C 制造业,0.4185498890055948
2025-05-30,I 信息技术,0.095227222285577
2025-05-30,J 金融业,0.0201281029966188
2025-06-03,unknown,0.4571905481747556
2025-06-03,C 制造业,0.3742345398168384
2025-06-03,I 信息技术,0.096934504748984
2025-06-03,J 金融业,0.0205389998358233
2025-06-03,L 商务服务,0.0201713925540894
2025-06-03,A 农林牧渔,0.0201669262336732
2025-06-04,unknown,0.4324901275721486
2025-06-04,C 制造业,0.34095513522341947
2025-06-04,I 信息技术,0.0970730301068098
2025-06-04,A 农林牧渔,0.0397495422323206
2025-06-04,J 金融业,0.0200032132058478
2025-06-04,L 商务服务,0.0199152520586407
2025-06-04,B 采矿业,0.0197094275984549
2025-06-04,G 运输仓储,0.0196982404810805
2025-06-05,unknown,0.5090383768099619
2025-06-05,C 制造业,0.3050263003038538
2025-06-05,I 信息技术,0.0980860808240992
2025-06-05,A 农林牧渔,0.038388148201107
2025-06-05,L 商务服务,0.0195433584353273
2025-06-05,G 运输仓储,0.0195245905942607
2025-06-06,unknown,0.5312974865239078
2025-06-06,C 制造业,0.3018037590831268
2025-06-06,I 信息技术,0.09783433124850249
2025-06-06,A 农林牧渔,0.0195627629494818
2025-06-06,L 商务服务,0.0195585343094743
2025-06-06,G 运输仓储,0.0193674112895278
2025-06-09,unknown,0.5487403757532482
2025-06-09,C 制造业,0.285140748981999
2025-06-09,I 信息技术,0.0772537794862827
2025-06-09,A 农林牧渔,0.0202132615746572
2025-06-09,F 批发零售,0.019661897928073
2025-06-09,L 商务服务,0.0193560866521421
2025-06-09,G 运输仓储,0.0191714616291799
2025-06-10,unknown,0.5117152614517873
2025-06-10,C 制造业,0.3219881822153595
2025-06-10,I 信息技术,0.077054347221814
2025-06-10,A 农林牧渔,0.0397813299406377
2025-06-10,F 批发零售,0.0198204855952309
2025-06-10,G 运输仓储,0.0192166481860527
2025-06-11,unknown,0.5333488645209647
2025-06-11,C 制造业,0.2788170673807178
2025-06-11,I 信息技术,0.0774069041667609
2025-06-11,A 农林牧渔,0.041357465941784605
2025-06-11,B 采矿业,0.0197342717660779
2025-06-11,F 批发零售,0.0195542956245174
2025-06-11,G 运输仓储,0.0192939449620297
2025-06-12,unknown,0.4738081434735707
2025-06-12,C 制造业,0.3385219185164754
2025-06-12,I 信息技术,0.0966589819932836
2025-06-12,A 农林牧渔,0.0404798090784006
2025-06-12,F 批发零售,0.0201989853612218
2025-06-12,G 运输仓储,0.0199616252270944
2025-06-13,unknown,0.5536394266775599
2025-06-13,C 制造业,0.277692409838313
2025-06-13,I 信息技术,0.0971268502236424
2025-06-13,A 农林牧渔,0.0407064337189782
2025-06-13,G 运输仓储,0.0202447612994761
2025-06-16,unknown,0.554109278638721
2025-06-16,C 制造业,0.3178262072618914
2025-06-16,I 信息技术,0.0778226364856163
2025-06-16,A 农林牧渔,0.039619958397664704
2025-06-17,unknown,0.4962903628725558
2025-06-17,C 制造业,0.3153227857255973
2025-06-17,I 信息技术,0.0783883245175708
2025-06-17,A 农林牧渔,0.039850737492196905
2025-06-17,J 金融业,0.0397020774225938
2025-06-17,R 文化传播,0.0198749475833223
2025-06-18,unknown,0.5916101252376188
2025-06-18,C 制造业,0.2601491212945314
2025-06-18,I 信息技术,0.0596483469789985
2025-06-18,J 金融业,0.0390905632499972
2025-06-18,A 农林牧渔,0.0201021206768732
2025-06-18,R 文化传播,0.0190673437395749
2025-06-19,unknown,0.5721376631557766
2025-06-19,C 制造业,0.2800427890890873
2025-06-19,I 信息技术,0.0597038774840824
2025-06-19,A 农林牧渔,0.0202824482614531
2025-06-19,D 水电煤气,0.019832386173078
2025-06-19,J 金融业,0.0188273737717025
2025-06-19,R 文化传播,0.0185760997726987
2025-06-20,unknown,0.6313746929465399
2025-06-20,C 制造业,0.2586081571339634
2025-06-20,I 信息技术,0.0600945299099218
2025-06-20,A 农林牧渔,0.0200764083371573
2025-06-20,D 水电煤气,0.0196870459984286
2025-06-23,unknown,0.5535289600527786
2025-06-23,C 制造业,0.3367734747861073
2025-06-23,I 信息技术,0.059461034192996504
2025-06-23,A 农林牧渔,0.0199813359913098
2025-06-23,D 水电煤气,0.0196127168557261
2025-06-24,unknown,0.5716544237437791
2025-06-24,C 制造业,0.278482099401259
2025-06-24,I 信息技术,0.060434084254832
2025-06-24,A 农林牧渔,0.0198995784420288
2025-06-24,R 文化传播,0.0197745988633117
2025-06-24,J 金融业,0.0197741700672718
2025-06-24,D 水电煤气,0.019410073697561
2025-06-25,unknown,0.5504161878415995
2025-06-25,C 制造业,0.3391481750783268
2025-06-25,I 信息技术,0.0410948904432772
2025-06-25,J 金融业,0.0197948576112681
2025-06-25,R 文化传播,0.0196213897887796
2025-06-25,D 水电煤气,0.0193296175510138
2025-06-26,unknown,0.5919173349591774
2025-06-26,C 制造业,0.31832149178733493
2025-06-26,I 信息技术,0.0600113618986744
2025-06-26,J 金融业,0.0192212772546935
2025-06-27,unknown,0.5471084165170018
2025-06-27,C 制造业,0.3431162859479401
2025-06-27,I 信息技术,0.0605686300643342
2025-06-27,J 金融业,0.038672979187598405
2025-06-30,unknown,0.6090773740559076
2025-06-30,C 制造业,0.26042824552192023
2025-06-30,I 信息技术,0.0819977491198513
2025-06-30,J 金融业,0.0376511408886369
2025-07-01,unknown,0.6495919929022916
2025-07-01,C 制造业,0.2787351661247532
2025-07-01,I 信息技术,0.061251009130176504
2025-07-02,unknown,0.6729680574680806
2025-07-02,C 制造业,0.2353651769139859
2025-07-02,I 信息技术,0.0613344817754143
2025-07-02,J 金融业,0.0197282245469208
2025-07-03,unknown,0.7114425046293855
2025-07-03,C 制造业,0.2591222756235423
2025-07-03,I 信息技术,0.0185020584196288
2025-07-04,unknown,0.6356907901035953
2025-07-04,C 制造业,0.3355922840636812
2025-07-04,I 信息技术,0.0180904424128732
2025-07-07,unknown,0.596764563265342
2025-07-07,C 制造业,0.37313666857612
2025-07-07,I 信息技术,0.0195625211526459
2025-07-08,unknown,0.537046376438414
2025-07-08,C 制造业,0.4148332091118469
2025-07-08,L 商务服务,0.019017498139705
2025-07-08,G 运输仓储,0.0190163315895164
2025-07-09,unknown,0.5753862666249044
2025-07-09,C 制造业,0.3948214752829876
2025-07-09,L 商务服务,0.0192786581842628
2025-07-10,unknown,0.6158923241256661
2025-07-10,C 制造业,0.3342335589512967
2025-07-10,A 农林牧渔,0.0201372824219527
2025-07-10,L 商务服务,0.0190826370821542
2025-07-11,unknown,0.5754649817756481
2025-07-11,C 制造业,0.3547017497006201
2025-07-11,A 农林牧渔,0.0202568936556923
2025-07-11,I 信息技术,0.0198161534351226
2025-07-11,L 商务服务,0.0191655875962826
2025-07-14,unknown,0.5745826840182655
2025-07-14,C 制造业,0.3551802934118987
2025-07-14,I 信息技术,0.0206580945024244
2025-07-14,A 农林牧渔,0.0200233786687856
2025-07-14,L 商务服务,0.0190474361496597
2025-07-15,unknown,0.5504991587435029
2025-07-15,C 制造业,0.3206257963654427
2025-07-15,I 信息技术,0.0604493532242886
2025-07-15,J 金融业,0.0198120301738947
2025-07-15,A 农林牧渔,0.0195556116541596
2025-07-15,L 商务服务,0.0186037349559295
2025-07-16,unknown,0.5294066935976413
2025-07-16,C 制造业,0.2844995317009856
2025-07-16,J 金融业,0.0589896492229537
2025-07-16,I 信息技术,0.0587988786562954
2025-07-16,A 农林牧渔,0.01972702669257
2025-07-16,K 房地产,0.0196440739122708
2025-07-16,L 商务服务,0.0183577731206825
2025-07-17,unknown,0.5503413269918132
2025-07-17,C 制造业,0.2866587606159298
2025-07-17,J 金融业,0.0584727593455431
2025-07-17,I 信息技术,0.0374330556097619
2025-07-17,A 农林牧渔,0.0194494757799589
2025-07-17,K 房地产,0.0193728964071091
2025-07-17,L 商务服务,0.0179415519442449
2025-07-18,unknown,0.5101656286243573
2025-07-18,C 制造业,0.3062815673070625
2025-07-18,J 金融业,0.0598601318660986
2025-07-18,I 信息技术,0.0557414934713776
2025-07-18,A 农林牧渔,0.0197222463806073
2025-07-18,K 房地产,0.0195640922938135
2025-07-18,L 商务服务,0.0178923946007992
2025-07-21,unknown,0.5536086062238601
2025-07-21,C 制造业,0.3028491225187534
2025-07-21,J 金融业,0.038982794159558104
2025-07-21,I 信息技术,0.0367797742566747
2025-07-21,A 农林牧渔,0.0200936698088499
2025-07-21,K 房地产,0.0194570400108125
2025-07-21,L 商务服务,0.0178581156244955
2025-07-22,unknown,0.5971269785202529
2025-07-22,C 制造业,0.3157382796272588
2025-07-22,I 信息技术,0.0367172952321379
2025-07-22,A 农林牧渔,0.0202780216739491
2025-07-22,F 批发零售,0.0197264430101319
2025-07-23,unknown,0.6179220438425788
2025-07-23,C 制造业,0.3145130363759104
2025-07-23,I 信息技术,0.0375736139964184
2025-07-23,F 批发零售,0.0192489614509197
2025-07-24,unknown,0.5776442907780036
2025-07-24,C 制造业,0.35452639021260013
2025-07-24,I 信息技术,0.0378060519169271
2025-07-24,F 批发零售,0.0190968959712493
2025-07-25,unknown,0.4936605682936867
2025-07-25,C 制造业,0.4383394804359786
2025-07-25,I 信息技术,0.037993493023601804
2025-07-25,F 批发零售,0.0189946481290492
2025-07-28,unknown,0.4924077165412455
2025-07-28,C 制造业,0.4210933370253648
2025-07-28,I 信息技术,0.036997043015905604
2025-07-28,J 金融业,0.0196597415684687
2025-07-28,F 批发零售,0.0193475143242519
2025-07-29,unknown,0.49164799062368747
2025-07-29,C 制造业,0.4419651923144181
2025-07-29,I 信息技术,0.0364137720126482
2025-07-29,F 批发零售,0.0194909214604855
2025-07-30,C 制造业,0.4994356072612404
2025-07-30,unknown,0.4343389895512874
2025-07-30,I 信息技术,0.036268856646637204
2025-07-30,A 农林牧渔,0.0196026413778481
2025-07-31,C 制造业,0.5173421217027682
2025-07-31,unknown,0.4527217938465296
2025-07-31,A 农林牧渔,0.0196087740179173
2025-08-01,unknown,0.4904547680652692
2025-08-01,C 制造业,0.4208783313731511
2025-08-01,J 金融业,0.0389852021867204
2025-08-01,Q 卫生,0.0195634165043192
2025-08-01,A 农林牧渔,0.0195274222229587
2025-08-04,unknown,0.5313651090634885
2025-08-04,C 制造业,0.399269716851043
2025-08-04,J 金融业,0.0391241710936578
2025-08-04,Q 卫生,0.019608938552066
2025-08-05,unknown,0.5314721406030571
2025-08-05,C 制造业,0.3793840074111914
2025-08-05,J 金融业,0.0393629679228648
2025-08-05,B 采矿业,0.0196293320589424
2025-08-05,Q 卫生,0.019532863171725
2025-08-06,unknown,0.5099134955718913
2025-08-06,C 制造业,0.4012602054977245
2025-08-06,J 金融业,0.0393735354365507
2025-08-06,L 商务服务,0.0195301076208411
2025-08-06,F 批发零售,0.019512551940977
2025-08-07,unknown,0.5701612574454294
2025-08-07,C 制造业,0.3412436309494618
2025-08-07,I 信息技术,0.0198130584392683
2025-08-07,L 商务服务,0.0194770941862803
2025-08-07,J 金融业,0.0193941530044629
2025-08-07,F 批发零售,0.0191650263590497
2025-08-08,unknown,0.5893154419003526
2025-08-08,C 制造业,0.3030626976794094
2025-08-08,I 信息技术,0.039153636097271696
2025-08-08,L 商务服务,0.019728191596296
2025-08-08,J 金融业,0.0193371014254338
2025-08-08,F 批发零售,0.0189212887320044
2025-08-11,unknown,0.5250917776270302
2025-08-11,C 制造业,0.3082688575277738
2025-08-11,J 金融业,0.058717009626867
2025-08-11,I 信息技术,0.0384171022555793
2025-08-11,L 商务服务,0.0203380930632464
2025-08-11,R 文化传播,0.0197501520027123
2025-08-11,F 批发零售,0.0187172171025633
2025-08-12,unknown,0.4641002123862748
2025-08-12,C 制造业,0.3671667332727409
2025-08-12,I 信息技术,0.07901801880484399
2025-08-12,J 金融业,0.039465702613487794
2025-08-12,L 商务服务,0.0200199898782968
2025-08-12,R 文化传播,0.0193317643600557
2025-08-13,unknown,0.481857414094483
2025-08-13,C 制造业,0.3893984016991016
2025-08-13,I 信息技术,0.0778816866969785
2025-08-13,J 金融业,0.0201189840431318
2025-08-13,L 商务服务,0.0195199685971951
2025-08-14,unknown,0.5436703898235997
2025-08-14,C 制造业,0.3666786246402165
2025-08-14,I 信息技术,0.0598168924774717
2025-08-14,L 商务服务,0.0193349566554671
2025-08-15,unknown,0.5651985109888518
2025-08-15,C 制造业,0.3658163240863159
2025-08-15,I 信息技术,0.0585559553211666
2025-08-18,unknown,0.5059284314081245
2025-08-18,C 制造业,0.4256091025895104
2025-08-18,I 信息技术,0.0583116001208141
2025-08-19,unknown,0.450184978697908
2025-08-19,C 制造业,0.4274177673039349
2025-08-19,I 信息技术,0.0939605284971468
2025-08-19,J 金融业,0.0185807450744812
2025-08-20,C 制造业,0.467462201376031
2025-08-20,unknown,0.3918852077911128
2025-08-20,I 信息技术,0.0930368315314539
2025-08-20,F 批发零售,0.0191080519691194
2025-08-20,J 金融业,0.0183441646299636
2025-08-21,unknown,0.4341258275721297
2025-08-21,C 制造业,0.4228493754606164
2025-08-21,I 信息技术,0.0948358493178912
2025-08-21,F 批发零售,0.0192038799726133
2025-08-21,J 金融业,0.0182816074177697
2025-08-22,unknown,0.4778865589153294
2025-08-22,C 制造业,0.3550646338959775
2025-08-22,I 信息技术,0.0973839776124497
2025-08-22,A 农林牧渔,0.021229888496119
2025-08-22,F 批发零售,0.0186079249132796
2025-08-22,J 金融业,0.0184382717164135
2025-08-25,unknown,0.6047618098908862
2025-08-25,C 制造业,0.2725643282786226
2025-08-25,I 信息技术,0.075211969226514
2025-08-25,F 批发零售,0.0182751466897193
2025-08-25,J 金融业,0.0181398848380394
2025-08-26,unknown,0.6419683778583651
2025-08-26,C 制造业,0.2352386459041546
2025-08-26,I 信息技术,0.0761228937763681
2025-08-26,F 批发零售,0.0181270365019837
2025-08-26,J 金融业,0.0179771111306363
2025-08-27,unknown,0.5631901484910259
2025-08-27,C 制造业,0.2968658011047555
2025-08-27,I 信息技术,0.0749717960314855
2025-08-27,A 农林牧渔,0.0192592880719693
2025-08-27,F 批发零售,0.0177407954236724
2025-08-27,J 金融业,0.0177003312723169
2025-08-28,unknown,0.6234263490065077
2025-08-28,C 制造业,0.2565105647951245
2025-08-28,I 信息技术,0.0550931312034143
2025-08-28,J 金融业,0.0373998052998801
2025-08-28,F 批发零售,0.0170651276366063
2025-08-29,unknown,0.5563394195536006
2025-08-29,C 制造业,0.3224212027266059
2025-08-29,I 信息技术,0.0752613673854184
2025-08-29,J 金融业,0.0180017767818506
2025-08-29,F 批发零售,0.0169886315044004
2025-09-01,unknown,0.6450246096649657
2025-09-01,C 制造业,0.2162165302617085
2025-09-01,I 信息技术,0.09280318467243989
2025-09-01,B 采矿业,0.018349789129932
2025-09-01,J 金融业,0.0177075895105018
2025-09-02,unknown,0.5788638679425824
2025-09-02,C 制造业,0.2798213197055965
2025-09-02,I 信息技术,0.0930751280980607
2025-09-02,F 批发零售,0.0201345116925759
2025-09-02,B 采矿业,0.0184497503878898
2025-09-03,unknown,0.6017120182557254
2025-09-03,C 制造业,0.2972767381355122
2025-09-03,I 信息技术,0.0728124323904442
2025-09-03,B 采矿业,0.0186511444293294
2025-09-04,unknown,0.4689293925293746
2025-09-04,C 制造业,0.3918899493155249
2025-09-04,I 信息技术,0.072405372841479
2025-09-04,J 金融业,0.0383774302009477
2025-09-04,B 采矿业,0.0189465562287412
2025-09-05,unknown,0.4843851072530847
2025-09-05,C 制造业,0.4101995232007266
2025-09-05,I 信息技术,0.039173055136295196
2025-09-05,J 金融业,0.0382111237757392
2025-09-05,B 采矿业,0.0189718810502371
2025-09-08,unknown,0.5484975680673987
2025-09-08,C 制造业,0.36866944062205353
2025-09-08,J 金融业,0.037351680542134
2025-09-08,B 采矿业,0.018625045990091
2025-09-08,I 信息技术,0.0170832949072896
2025-09-09,unknown,0.4574584539693415
2025-09-09,C 制造业,0.43673371804149097
2025-09-09,J 金融业,0.0589253785554725
2025-09-09,B 采矿业,0.0198120291872073
2025-09-09,I 信息技术,0.0167378408868919
2025-09-10,unknown,0.4551177425061924
2025-09-10,C 制造业,0.4393689432600753
2025-09-10,J 金融业,0.0590250568638936
2025-09-10,B 采矿业,0.0189480319892503
2025-09-10,I 信息技术,0.0167105682436383
2025-09-11,unknown,0.4866354779815103
2025-09-11,C 制造业,0.4439691394410608
2025-09-11,J 金融业,0.059356382127978696
2025-09-12,unknown,0.5088162307752196
2025-09-12,C 制造业,0.3824726331282912
2025-09-12,J 金融业,0.0783252289542886
2025-09-12,I 信息技术,0.0197189257605139
2025-09-15,unknown,0.4723108809561788
2025-09-15,C 制造业,0.4184246834868789
2025-09-15,J 金融业,0.0791734905356934
2025-09-15,I 信息技术,0.0192245881686533
2025-09-16,unknown,0.5527508074414238
2025-09-16,C 制造业,0.39629396417838647
2025-09-16,J 金融业,0.0201986200830134
2025-09-16,K 房地产,0.0199873819706833
2025-09-17,unknown,0.6089346251111012
2025-09-17,C 制造业,0.3011619868955829
2025-09-17,K 房地产,0.0393881608669742
2025-09-17,J 金融业,0.0203492262768938
2025-09-17,I 信息技术,0.0196929342561111
2025-09-18,unknown,0.6108716657145711
2025-09-18,C 制造业,0.2814722666027933
2025-09-18,K 房地产,0.038144880636913306
2025-09-18,R 文化传播,0.0197106231303789
2025-09-18,A 农林牧渔,0.0196890147029763
2025-09-18,J 金融业,0.0195579872045117
2025-09-19,unknown,0.5932312796926492
2025-09-19,C 制造业,0.2790334571097096
2025-09-19,K 房地产,0.0393693959455043
2025-09-19,A 农林牧渔,0.0389546430197561
2025-09-19,J 金融业,0.0194105324914847
2025-09-19,I 信息技术,0.0194100816263564
2025-09-22,unknown,0.6126109706155191
2025-09-22,C 制造业,0.2803975673740673
2025-09-22,A 农林牧渔,0.0380370570007853
2025-09-22,J 金融业,0.0195683947551015
2025-09-22,K 房地产,0.0193560316392674
2025-09-22,I 信息技术,0.0191043065574707
2025-09-23,unknown,0.5940930837155093
2025-09-23,C 制造业,0.3003771529794004
2025-09-23,A 农林牧渔,0.0380147479718831
2025-09-23,B 采矿业,0.019627486008002
2025-09-23,J 金融业,0.0190847023557847
2025-09-23,I 信息技术,0.0184237080900593
2025-09-24,unknown,0.5787299867948402
2025-09-24,C 制造业,0.2531881386540081
2025-09-24,I 信息技术,0.0600721020704273
2025-09-24,J 金融业,0.039645771488371
2025-09-24,A 农林牧渔,0.0377007772535518
2025-09-24,B 采矿业,0.0195950378141287
2025-09-25,unknown,0.5768186120402038
2025-09-25,C 制造业,0.2754687208389707
2025-09-25,I 信息技术,0.0603468595391021
2025-09-25,J 金融业,0.0393446115169452
2025-09-25,B 采矿业,0.0189004917525315
2025-09-25,A 农林牧渔,0.0183659533180284
2025-09-26,unknown,0.5580589171453724
2025-09-26,C 制造业,0.3134196777155011
2025-09-26,J 金融业,0.039754072464006904
2025-09-26,I 信息技术,0.0393338151439115
2025-09-26,L 商务服务,0.0198856712263504
2025-09-26,A 农林牧渔,0.0188579097449699
2025-09-29,unknown,0.5744490257302519
2025-09-29,C 制造业,0.3355587263022227
2025-09-29,J 金融业,0.040637825667037
2025-09-29,I 信息技术,0.038935187779698
2025-09-30,unknown,0.5982684515933809
2025-09-30,C 制造业,0.2507484241456455
2025-09-30,J 金融业,0.08072003625014651
2025-09-30,I 信息技术,0.038687691193197704
2025-09-30,B 采矿业,0.0206415978872937
2025-10-09,unknown,0.5771760505886829
2025-10-09,C 制造业,0.2712480480417737
2025-10-09,J 金融业,0.08119641845607589
2025-10-09,I 信息技术,0.0378126093081556
2025-10-09,B 采矿业,0.0217524617656637
2025-10-10,unknown,0.5946515824627735
2025-10-10,C 制造业,0.2930119252394169
2025-10-10,I 信息技术,0.0573340241064415
2025-10-10,J 金融业,0.0225892365001693
2025-10-10,B 采矿业,0.0215521373183708
2025-10-13,unknown,0.4970640744725942
2025-10-13,C 制造业,0.3689233396935174
2025-10-13,I 信息技术,0.0789276961391632
2025-10-13,B 采矿业,0.0225902920322874
2025-10-13,J 金融业,0.0218012581887704
2025-10-14,unknown,0.4793781318897419
2025-10-14,C 制造业,0.3864594456882083
2025-10-14,I 信息技术,0.0781313927686369
2025-10-14,J 金融业,0.0225823240096938
2025-10-14,B 采矿业,0.0224922522795473
2025-10-15,unknown,0.4998206405287311
2025-10-15,C 制造业,0.4098790546840928
2025-10-15,I 信息技术,0.0558657659972102
2025-10-15,J 金融业,0.0234256963018957
2025-10-16,unknown,0.496444605977193
2025-10-16,C 制造业,0.3927419468335734
2025-10-16,I 信息技术,0.0765745675191043
2025-10-16,J 金融业,0.0232408342630943
2025-10-17,unknown,0.5406907352162946
2025-10-17,C 制造业,0.3697270863889315
2025-10-17,I 信息技术,0.0558674781125421
2025-10-17,J 金融业,0.0231804001007482
2025-10-20,unknown,0.522601553163731
2025-10-20,C 制造业,0.41241156261323697
2025-10-20,I 信息技术,0.0542488198764486
2025-10-21,unknown,0.4971150047139053
2025-10-21,C 制造业,0.4374686687515562
2025-10-21,I 信息技术,0.0547107525064162
2025-10-22,unknown,0.5535169444976323
2025-10-22,C 制造业,0.358053426030171
2025-10-22,I 信息技术,0.0377653626519878
2025-10-22,B 采矿业,0.0200564592867374
2025-10-22,J 金融业,0.0200191359653514
2025-10-23,unknown,0.5721090628616685
2025-10-23,C 制造业,0.3386083855601294
2025-10-23,I 信息技术,0.0385245085508517
2025-10-23,J 金融业,0.020607431404453
2025-10-23,B 采矿业,0.0199120550476642
2025-10-24,unknown,0.6295902914301227
2025-10-24,C 制造业,0.3224748125300797
2025-10-24,B 采矿业,0.0192276379264878
2025-10-24,I 信息技术,0.0180679188085787
2025-10-27,unknown,0.7497675835871317
2025-10-27,C 制造业,0.2027770805605781
2025-10-27,B 采矿业,0.0191037942993424
2025-10-27,I 信息技术,0.0177484531611235
2025-10-28,unknown,0.7291160969240364
2025-10-28,C 制造业,0.2042338072215239
2025-10-28,I 信息技术,0.0375216776298514
2025-10-28,B 采矿业,0.0186022792612423
2025-10-29,unknown,0.7089767547090714
2025-10-29,C 制造业,0.2240195838514763
2025-10-29,I 信息技术,0.037242468418169694
2025-10-29,B 采矿业,0.01904907132102
2025-10-30,unknown,0.7309946994007638
2025-10-30,C 制造业,0.2231958209589816
2025-10-30,I 信息技术,0.0357489527398663
2025-10-31,unknown,0.7147160333678708
2025-10-31,C 制造业,0.21812932660079148
2025-10-31,I 信息技术,0.0563398519202902
2025-11-03,unknown,0.6940204647615722
2025-11-03,C 制造业,0.2554841061681116
2025-11-03,I 信息技术,0.039529346259021506
2025-11-04,unknown,0.7197517011243746
2025-11-04,C 制造业,0.2304437836386935
2025-11-04,B 采矿业,0.0204010534034435
2025-11-04,I 信息技术,0.0185245375907394
2025-11-05,unknown,0.6613109939692909
2025-11-05,C 制造业,0.2884997054781989
2025-11-05,B 采矿业,0.0206742865512798
2025-11-05,I 信息技术,0.0188092745225628
2025-11-06,unknown,0.5814443382362348
2025-11-06,C 制造业,0.3489172339523971
2025-11-06,B 采矿业,0.0205807497779931
2025-11-06,J 金融业,0.019543394508628
2025-11-06,I 信息技术,0.0189467455662515
2025-11-07,unknown,0.5790476039752903
2025-11-07,C 制造业,0.3509503273897295
2025-11-07,J 金融业,0.039454015655516
2025-11-07,I 信息技术,0.0199950496029463
2025-11-10,unknown,0.6207727330925518
2025-11-10,C 制造业,0.3291213448869369
2025-11-10,I 信息技术,0.0198294339279426
2025-11-10,J 金融业,0.0195526413885496
2025-11-11,unknown,0.5785645394170955
2025-11-11,C 制造业,0.3304808987527414
2025-11-11,F 批发零售,0.0204784185988088
2025-11-11,A 农林牧渔,0.0204745411647225
2025-11-11,I 信息技术,0.0198629049266524
2025-11-11,J 金融业,0.0192029251537957
2025-11-12,unknown,0.4718042130452444
2025-11-12,C 制造业,0.4571250757004427
2025-11-12,J 金融业,0.039886358968924396
2025-11-12,I 信息技术,0.01999527470844
2025-11-13,C 制造业,0.4948840003409666
2025-11-13,unknown,0.4346950512426307
2025-11-13,J 金融业,0.0396924470026017
2025-11-13,I 信息技术,0.0197629566292751
2025-11-14,unknown,0.47706969818830347
2025-11-14,C 制造业,0.4521628344429804
2025-11-14,J 金融业,0.0401932437280875
2025-11-14,I 信息技术,0.0200285921166707
2025-11-17,unknown,0.4972472513143851
2025-11-17,C 制造业,0.4314849522659086
2025-11-17,J 金融业,0.0403779830170585
2025-11-17,I 信息技术,0.0200683118234444
2025-11-18,unknown,0.5536346105157897
2025-11-18,C 制造业,0.3346314715552128
2025-11-18,I 信息技术,0.060280160067387095
2025-11-18,J 金融业,0.0405775397531767
2025-11-19,unknown,0.4960529577336839
2025-11-19,C 制造业,0.414358936741253
2025-11-19,I 信息技术,0.060126673232785005
2025-11-19,J 金融业,0.0188839980561073
2025-11-20,unknown,0.5129632515084144
2025-11-20,C 制造业,0.3967207138408615
2025-11-20,I 信息技术,0.0605752357220404
2025-11-20,J 金融业,0.0190766050705407
2025-11-21,unknown,0.4744541863681048
2025-11-21,C 制造业,0.4149096825775104
2025-11-21,I 信息技术,0.061814738852579
2025-11-21,J 金融业,0.0384752043375403
2025-11-24,C 制造业,0.493407297336042
2025-11-24,unknown,0.4149156290264555
2025-11-24,I 信息技术,0.041847964331148305
2025-11-24,J 金融业,0.039089014317512896
2025-11-25,unknown,0.4689374595228274
2025-11-25,C 制造业,0.4594217475787419
2025-11-25,I 信息技术,0.0420660594020753
2025-11-25,J 金融业,0.0191118807883969
2025-11-26,C 制造业,0.4842329066802062
2025-11-26,unknown,0.4671892162978584
2025-11-26,I 信息技术,0.0188963500531668
2025-11-26,J 金融业,0.0186970223499056
2025-11-27,unknown,0.509175251823877
2025-11-27,C 制造业,0.44261019464862483
2025-11-27,J 金融业,0.0187098019345269
2025-11-27,I 信息技术,0.0184220860561932
2025-11-28,unknown,0.529557902994558
2025-11-28,C 制造业,0.4412543321904477
2025-11-28,J 金融业,0.0187071259087359
2025-12-01,unknown,0.5479109468090629
2025-12-01,C 制造业,0.4027492381457573
2025-12-01,A 农林牧渔,0.0198431378927196
2025-12-01,J 金融业,0.0185029475375605
2025-12-02,unknown,0.5298864726615439
2025-12-02,C 制造业,0.3614177402683699
2025-12-02,B 采矿业,0.0200326245566705
2025-12-02,R 文化传播,0.020030849839307
2025-12-02,I 信息技术,0.0200100994554339
2025-12-02,A 农林牧渔,0.0197703148984165
2025-12-02,J 金融业,0.0182819674912875
2025-12-03,unknown,0.4892220344041922
2025-12-03,C 制造业,0.4203116191349328
2025-12-03,I 信息技术,0.039596122673647496
2025-12-03,B 采矿业,0.020134789477421
2025-12-03,K 房地产,0.020118185901867
2025-12-04,unknown,0.4901498709389388
2025-12-04,C 制造业,0.4197385570850959
2025-12-04,I 信息技术,0.0395787109204183
2025-12-04,B 采矿业,0.0199901856946237
2025-12-04,K 房地产,0.0199155086649144
2025-12-05,C 制造业,0.4809324843034597
2025-12-05,unknown,0.409616920416909
2025-12-05,I 信息技术,0.0396721707100249
2025-12-05,B 采矿业,0.020209795432849
2025-12-05,K 房地产,0.0197594541590005
2025-12-05,J 金融业,0.0193836411594737
2025-12-08,unknown,0.4848389171437339
2025-12-08,C 制造业,0.4267029193983457
2025-12-08,I 信息技术,0.0393390325008037
2025-12-08,B 采矿业,0.0195423206701895
2025-12-08,K 房地产,0.019243217104071
2025-12-09,unknown,0.4831730408814237
2025-12-09,C 制造业,0.4487074783833651
2025-12-09,I 信息技术,0.0196438284565663
2025-12-09,B 采矿业,0.0192593749467724
2025-12-09,K 房地产,0.0187197561256386
2025-12-10,unknown,0.5222661394497371
2025-12-10,C 制造业,0.40765109780109743
2025-12-10,K 房地产,0.0204986078650491
2025-12-10,B 采矿业,0.0198311070087611
2025-12-10,I 信息技术,0.0196245753538493
2025-12-11,unknown,0.5049506451689268
2025-12-11,C 制造业,0.4046012383074675
2025-12-11,I 信息技术,0.0388951876416949
2025-12-11,B 采矿业,0.0212574128697586
2025-12-11,K 房地产,0.0200051928775119
2025-12-12,unknown,0.5467496830805603
2025-12-12,C 制造业,0.3628705611363513
2025-12-12,I 信息技术,0.038720708516058105
2025-12-12,B 采矿业,0.0215326155693716
2025-12-12,K 房地产,0.0195347810860261
2025-12-15,unknown,0.5301810055358585
2025-12-15,C 制造业,0.401826010280496
2025-12-15,I 信息技术,0.038420400953466
2025-12-15,K 房地产,0.0191316005723623
2025-12-16,unknown,0.4683438555871207
2025-12-16,C 制造业,0.4617927273558019
2025-12-16,I 信息技术,0.039293067003222
2025-12-16,K 房地产,0.0198393500051344
2025-12-17,unknown,0.5242002110415321
2025-12-17,C 制造业,0.4074526954073254
2025-12-17,I 信息技术,0.038716990443661406
2025-12-17,K 房地产,0.0192145573878214
2025-12-18,unknown,0.4869310892465855
2025-12-18,C 制造业,0.4437665371691143
2025-12-18,I 信息技术,0.039129001367730995
2025-12-18,K 房地产,0.0191445224178391
2025-12-19,unknown,0.5647121586067865
2025-12-19,C 制造业,0.3863332591650629
2025-12-19,I 信息技术,0.019217440000439
2025-12-19,K 房地产,0.0191528535659586
2025-12-22,unknown,0.5418268621848421
2025-12-22,C 制造业,0.390133791485224
2025-12-22,J 金融业,0.0198703770243751
2025-12-22,K 房地产,0.0188732230970703
2025-12-22,I 信息技术,0.0188057962906215
2025-12-23,unknown,0.5854521752928624
2025-12-23,C 制造业,0.3468412133428147
2025-12-23,J 金融业,0.0198216632340409
2025-12-23,I 信息技术,0.0184545254082497
2025-12-23,K 房地产,0.0182795270846671
2025-12-24,unknown,0.5454228482846013
2025-12-24,C 制造业,0.3874581635953815
2025-12-24,J 金融业,0.0194365905986006
2025-12-24,I 信息技术,0.0184832613999458
2025-12-24,K 房地产,0.0179628371070432
2025-12-25,unknown,0.5096898700570545
2025-12-25,C 制造业,0.4032073893894506
2025-12-25,B 采矿业,0.0198623413380537
2025-12-25,J 金融业,0.0194427494519991
2025-12-25,I 信息技术,0.0189977722418229
2025-12-25,K 房地产,0.0181200982465984
2025-12-26,unknown,0.4861198196233854
2025-12-26,C 制造业,0.4066164178825658
2025-12-26,J 金融业,0.039410315275270905
2025-12-26,B 采矿业,0.0204917149658338
2025-12-26,I 信息技术,0.0186181983457117
2025-12-26,K 房地产,0.0179051480170524
2025-12-29,unknown,0.5496403746508209
2025-12-29,C 制造业,0.3616367916356811
2025-12-29,J 金融业,0.040092428393837906
2025-12-29,B 采矿业,0.0198894694034351
2025-12-29,I 信息技术,0.0183672271359797
2025-12-30,unknown,0.5349277215078653
2025-12-30,C 制造业,0.3792575668935206
2025-12-30,J 金融业,0.0205167886437609
2025-12-30,B 采矿业,0.0197163042361242
2025-12-30,I 信息技术,0.0179253180652887
2025-12-30,A 农林牧渔,0.0179153632087326
2025-12-31,unknown,0.5565871981143947
2025-12-31,C 制造业,0.3764225055403475
2025-12-31,J 金融业,0.0203280916924779
2025-12-31,B 采矿业,0.0198113358973507
2025-12-31,I 信息技术,0.0177110507342658
2026-01-05,unknown,0.5576561678690231
2026-01-05,C 制造业,0.3764543527485942
2026-01-05,I 信息技术,0.0368551199460278
2026-01-05,J 金融业,0.0199562065690442
2026-01-06,unknown,0.5259354075677511
2026-01-06,C 制造业,0.3895606490108073
2026-01-06,I 信息技术,0.055666545463657596
2026-01-06,J 金融业,0.019774774988109
2026-01-07,unknown,0.5280446362690193
2026-01-07,C 制造业,0.405595901934686
2026-01-07,I 信息技术,0.037409017446464896
2026-01-07,J 金融业,0.0197056594960615
2026-01-08,unknown,0.6080524002226979
2026-01-08,C 制造业,0.3243759689288849
2026-01-08,I 信息技术,0.0386722338269847
2026-01-08,J 金融业,0.0197540785747826
2026-01-09,unknown,0.5615837397280923
2026-01-09,C 制造业,0.3658184972216227
2026-01-09,I 信息技术,0.0427860543059896
2026-01-09,J 金融业,0.0199038511280004
2026-01-12,unknown,0.5393625774520991
2026-01-12,C 制造业,0.3460573355277765
2026-01-12,I 信息技术,0.1051206720816364
2026-01-13,unknown,0.5228434866556972
2026-01-13,C 制造业,0.3631779131023214
2026-01-13,I 信息技术,0.10488384814800289
2026-01-14,unknown,0.5879588799527367
2026-01-14,C 制造业,0.3422175908144114
2026-01-14,I 信息技术,0.0403192806679674
2026-01-14,J 金融业,0.0198700734884172
2026-01-15,unknown,0.5517384004837845
2026-01-15,C 制造业,0.3970283181829448
2026-01-15,I 信息技术,0.040909902469416004
2026-01-16,unknown,0.5916965522781764
2026-01-16,C 制造业,0.3377474048859405
2026-01-16,K 房地产,0.020131200134459
2026-01-16,B 采矿业,0.0201278988640097
2026-01-16,I 信息技术,0.0196503066301851
2026-01-19,unknown,0.5706459477180507
2026-01-19,C 制造业,0.3568563523092471
2026-01-19,B 采矿业,0.0216348337807271
2026-01-19,K 房地产,0.0203996833115097
2026-01-19,I 信息技术,0.0201014274593606
2026-01-20,unknown,0.5934507337767596
2026-01-20,C 制造业,0.3506099070821293
2026-01-20,B 采矿业,0.0234389367140832
2026-01-20,K 房地产,0.0219418469397885
2026-01-21,unknown,0.6281021056213162
2026-01-21,C 制造业,0.3153507508428343
2026-01-21,B 采矿业,0.0248299084143196
2026-01-21,K 房地产,0.0215033340113717
2026-01-22,unknown,0.6286261414893497
2026-01-22,C 制造业,0.3362284082318545
2026-01-22,B 采矿业,0.0241507257031772
2026-01-23,unknown,0.5725277722889994
2026-01-23,C 制造业,0.3720140535076717
2026-01-23,B 采矿业,0.0243536853702839
2026-01-23,I 信息技术,0.0202407917114756
2026-01-26,unknown,0.5522460502127896
2026-01-26,C 制造业,0.38996422938016273
2026-01-26,B 采矿业,0.0269548103989836
2026-01-26,I 信息技术,0.0201790131766578
2026-01-27,unknown,0.6139757166362577
2026-01-27,C 制造业,0.3304100478351649
2026-01-27,B 采矿业,0.0253371515117174
2026-01-27,I 信息技术,0.0197839216042329
2026-01-28,unknown,0.5733151619953115
2026-01-28,C 制造业,0.3760653726412573
2026-01-28,I 信息技术,0.039515789304334595
2026-01-29,unknown,0.651549336447662
2026-01-29,C 制造业,0.2983201314860061
2026-01-29,I 信息技术,0.039671755012403706
2026-01-30,unknown,0.6301003207191217
2026-01-30,C 制造业,0.320677851273233
2026-01-30,I 信息技术,0.0384805043153049
2026-02-02,unknown,0.5922507430280551
2026-02-02,C 制造业,0.3788641105371385
2026-02-02,I 信息技术,0.0183469139731736
2026-02-03,unknown,0.570796559568916
2026-02-03,C 制造业,0.4004289855500631
2026-02-03,I 信息技术,0.0182234119599473
2026-02-04,unknown,0.5922323270118048
2026-02-04,C 制造业,0.3595664333441143
2026-02-04,I 信息技术,0.0372907669717166
2026-02-05,unknown,0.6309938969994618
2026-02-05,C 制造业,0.3204947037606751
2026-02-05,B 采矿业,0.0202532875993326
2026-02-05,I 信息技术,0.0175557600348531
2026-02-06,unknown,0.6537774761004796
2026-02-06,C 制造业,0.29745002911764
2026-02-06,B 采矿业,0.0201017609414228
2026-02-06,I 信息技术,0.0179620310042251
2026-02-09,unknown,0.5559477318509748
2026-02-09,C 制造业,0.3762229266105104
2026-02-09,R 文化传播,0.020093803589437
2026-02-09,B 采矿业,0.0196380698888167
2026-02-09,I 信息技术,0.0172280596448993
2026-02-10,unknown,0.5775544124571661
2026-02-10,C 制造业,0.3748224786770694
2026-02-10,B 采矿业,0.019534783538157
2026-02-10,I 信息技术,0.017421036162669
2026-02-11,unknown,0.5573883531883445
2026-02-11,C 制造业,0.3526963682228115
2026-02-11,B 采矿业,0.0200563314170834
2026-02-11,K 房地产,0.0197898311066504
2026-02-11,R 文化传播,0.0197885312683728
2026-02-11,I 信息技术,0.0197866036228126
2026-02-12,unknown,0.5948028409404799
2026-02-12,C 制造业,0.3178924244724063
2026-02-12,J 金融业,0.0199262134132093
2026-02-12,K 房地产,0.0197149934453726
2026-02-12,B 采矿业,0.0197107204704433
2026-02-12,R 文化传播,0.0173320486588163
2026-02-13,unknown,0.6749079725421157
2026-02-13,C 制造业,0.2547159313085776
2026-02-13,J 金融业,0.0200869368735015
2026-02-13,K 房地产,0.0198669068933573
2026-02-13,B 采矿业,0.0193255743283643
2026-02-24,unknown,0.670154925897415
2026-02-24,C 制造业,0.27959286564240027
2026-02-24,B 采矿业,0.0198100573521189
2026-02-24,J 金融业,0.0197930053093427
2026-02-25,unknown,0.6789358032385383
2026-02-25,C 制造业,0.2542145271210346
2026-02-25,B 采矿业,0.0197942981520217
2026-02-25,J 金融业,0.0194127910242616
2026-02-25,I 信息技术,0.0180238437609407
2026-02-26,unknown,0.6769332047947184
2026-02-26,C 制造业,0.257005305269373
2026-02-26,B 采矿业,0.0194723832108047
2026-02-26,J 金融业,0.0193438504780043
2026-02-26,I 信息技术,0.0174336974296279
2026-02-27,unknown,0.6816705953762214
2026-02-27,C 制造业,0.2528093682147606
2026-02-27,B 采矿业,0.0196142238517747
2026-02-27,J 金融业,0.0194923024878165
2026-02-27,I 信息技术,0.0171881008632813
2026-03-02,unknown,0.7215566899479618
2026-03-02,C 制造业,0.2124813355992545
2026-03-02,B 采矿业,0.0210435055740462
2026-03-02,A 农林牧渔,0.0190554741125306
2026-03-02,I 信息技术,0.0168230320806371
2026-03-03,unknown,0.6481284843726972
2026-03-03,C 制造业,0.266720609437321
2026-03-03,B 采矿业,0.0200083135890919
2026-03-03,J 金融业,0.0197404744442244
2026-03-03,A 农林牧渔,0.0192160097015669
2026-03-03,I 信息技术,0.0166215141690561
2026-03-04,unknown,0.550674646874141
2026-03-04,C 制造业,0.3654411917135154
2026-03-04,I 信息技术,0.0357944850732865
2026-03-04,B 采矿业,0.0201032877811003
2026-03-04,J 金融业,0.0187712551589975
2026-03-05,unknown,0.5439731986581215
2026-03-05,C 制造业,0.3908612829517599
2026-03-05,I 信息技术,0.0357100353966063
2026-03-05,B 采矿业,0.0196379617282876
2026-03-06,unknown,0.5267133914752754
2026-03-06,C 制造业,0.4089065734327753
2026-03-06,I 信息技术,0.035716911810678
2026-03-06,B 采矿业,0.0192280360154343
2026-03-09,unknown,0.5638361943546218
2026-03-09,C 制造业,0.3511426030083352
2026-03-09,I 信息技术,0.035833615304786195
2026-03-09,B 采矿业,0.0201100007302456
2026-03-09,A 农林牧渔,0.0197040330201457
2026-03-10,unknown,0.54245857009964
2026-03-10,C 制造业,0.3737666342939476
2026-03-10,I 信息技术,0.0554900016516954
2026-03-10,A 农林牧渔,0.0188783557944084
2026-03-11,unknown,0.4866102683496273
2026-03-11,C 制造业,0.4008794597863764
2026-03-11,I 信息技术,0.0360933455961617
2026-03-11,A 农林牧渔,0.021932569984226
2026-03-11,G 运输仓储,0.0219311182272866
2026-03-11,J 金融业,0.0218772331127998
2026-03-12,unknown,0.5273413827576681
2026-03-12,C 制造业,0.3791148252593892
2026-03-12,A 农林牧渔,0.0225382568527667
2026-03-12,G 运输仓储,0.0220707687744664
2026-03-12,J 金融业,0.021604485918412
2026-03-12,I 信息技术,0.0164602430531443
2026-03-13,unknown,0.509622162686353
2026-03-13,C 制造业,0.3765604269095088
2026-03-13,A 农林牧渔,0.043127372975925504
2026-03-13,G 运输仓储,0.0221603787752663
2026-03-13,J 金融业,0.0212474320065508
2026-03-13,I 信息技术,0.0164728815019807
2026-03-16,unknown,0.5512289090355683
2026-03-16,C 制造业,0.3563143623095893
2026-03-16,I 信息技术,0.0373117621046568
2026-03-16,G 运输仓储,0.0224798032029831
2026-03-16,J 金融业,0.0215817275493876
2026-03-17,unknown,0.5119296761602926
2026-03-17,C 制造业,0.3756874697924228
2026-03-17,I 信息技术,0.036811986161323
2026-03-17,G 运输仓储,0.0227765688851455
2026-03-17,J 金融业,0.0222062843605012
2026-03-17,B 采矿业,0.0199402061375929
2026-03-18,unknown,0.5861933256903016
2026-03-18,C 制造业,0.317835059512171
2026-03-18,G 运输仓储,0.0224798672093309
2026-03-18,J 金融业,0.021842406665725
2026-03-18,I 信息技术,0.0209040167506028
2026-03-18,B 采矿业,0.0203093163897465
2026-03-19,unknown,0.5255749872433996
2026-03-19,C 制造业,0.3967384930569802
2026-03-19,I 信息技术,0.0236445465804298
2026-03-19,G 运输仓储,0.0235033599431149
2026-03-19,B 采矿业,0.0194557390689743
2026-03-20,unknown,0.6075201879154302
2026-03-20,C 制造业,0.3177548552249235
2026-03-20,G 运输仓储,0.0234076783671196
2026-03-20,I 信息技术,0.0209014961244346
2026-03-20,B 采矿业,0.0194110512571499
2026-03-23,unknown,0.6070074514867285
2026-03-23,C 制造业,0.3011596293493803
2026-03-23,I 信息技术,0.041746910163374104
2026-03-23,J 金融业,0.0208084569411857
2026-03-23,B 采矿业,0.0181507639815213
2026-03-24,unknown,0.6316719711535856
2026-03-24,C 制造业,0.2552808215778627
2026-03-24,I 信息技术,0.0624991397962812
2026-03-24,R 文化传播,0.0212540229156827
2026-03-24,B 采矿业,0.0180964459143654
2026-03-25,unknown,0.6532346803280695
2026-03-25,C 制造业,0.1950553144593889
2026-03-25,I 信息技术,0.06245432449740661
2026-03-25,J 金融业,0.0395984360392479
2026-03-25,R 文化传播,0.0210023817731436
2026-03-25,B 采矿业,0.0181841409346388
2026-03-26,unknown,0.6493423452663742
2026-03-26,C 制造业,0.2384631105537361
2026-03-26,I 信息技术,0.0623943301826978
2026-03-26,R 文化传播,0.0208519763647099
2026-03-26,B 采矿业,0.0181671327483991
2026-03-27,unknown,0.6085353252535621
2026-03-27,C 制造业,0.2381154851747296
2026-03-27,I 信息技术,0.0824547342783936
2026-03-27,R 文化传播,0.021038296918834
2026-03-27,J 金融业,0.0199896858990587
2026-03-27,B 采矿业,0.0189896243737473
2026-03-30,unknown,0.6514783537677471
2026-03-30,C 制造业,0.2366782715674187
2026-03-30,I 信息技术,0.0810455234838326
2026-03-30,J 金融业,0.0200207935625773
2026-03-31,unknown,0.6109615129926743
2026-03-31,C 制造业,0.2766264087347449
2026-03-31,I 信息技术,0.0818788698133811
2026-03-31,J 金融业,0.0200527832826997
2026-04-01,unknown,0.6481472656931473
2026-04-01,C 制造业,0.2380262656033077
2026-04-01,I 信息技术,0.0832704353366697
2026-04-01,J 金融业,0.0201136466597239
2026-04-02,unknown,0.6881024143862583
2026-04-02,C 制造业,0.2182594099559303
2026-04-02,I 信息技术,0.0627865614929569
2026-04-02,J 金融业,0.0201144795991742
2026-04-03,unknown,0.648421439528315
2026-04-03,C 制造业,0.2383251953665369
2026-04-03,I 信息技术,0.0621904042573583
2026-04-03,F 批发零售,0.0204960483498385
2026-04-03,J 金融业,0.0196752919822253
2026-04-07,unknown,0.6292671096445966
2026-04-07,C 制造业,0.2386811568632574
2026-04-07,I 信息技术,0.0423454006531183
2026-04-07,J 金融业,0.0394768316912022
2026-04-07,K 房地产,0.0198565744770394
2026-04-07,R 文化传播,0.0198529533968366
2026-04-08,unknown,0.6648515975314389
2026-04-08,C 制造业,0.2009733766505424
2026-04-08,I 信息技术,0.0438654977346022
2026-04-08,J 金融业,0.0203273862186352
2026-04-08,R 文化传播,0.0201480319095015
2026-04-08,B 采矿业,0.0197645814007383
2026-04-08,K 房地产,0.0196372318319911
2026-04-09,unknown,0.6066306607175844
2026-04-09,C 制造业,0.2816228586542898
2026-04-09,I 信息技术,0.0423861195671602
2026-04-09,J 金融业,0.019642530628609
2026-04-09,K 房地产,0.0196066790442917
2026-04-09,B 采矿业,0.0195495888626899
2026-04-10,unknown,0.5898607066934761
2026-04-10,C 制造业,0.299343613906689
2026-04-10,I 信息技术,0.0217177336141179
2026-04-10,F 批发零售,0.0202442803283692
2026-04-10,J 金融业,0.0199462148645995
2026-04-10,K 房地产,0.019292363270253
2026-04-10,B 采矿业,0.0188404730807591
2026-04-13,unknown,0.5307433959527944
2026-04-13,C 制造业,0.3999551442383437
2026-04-13,J 金融业,0.0201252407872726
2026-04-13,I 信息技术,0.0197931172721161
2026-04-13,B 采矿业,0.0188969831292953
2026-04-14,unknown,0.5525529352930242
2026-04-14,C 制造业,0.3392358455688926
2026-04-14,J 金融业,0.039715124617236794
2026-04-14,I 信息技术,0.0394125052189417
2026-04-14,B 采矿业,0.018460682827801
2026-04-15,unknown,0.4752856535294742
2026-04-15,C 制造业,0.3760239580783874
2026-04-15,I 信息技术,0.0605708168667112
2026-04-15,J 金融业,0.039051050265877
2026-04-15,A 农林牧渔,0.0201207623489044
2026-04-15,B 采矿业,0.0182598801765284
2026-04-16,unknown,0.4560818747582411
2026-04-16,C 制造业,0.3950984842320761
2026-04-16,I 信息技术,0.061491056048629
2026-04-16,J 金融业,0.0585763861278074
2026-04-16,B 采矿业,0.0182961990117516
2026-04-17,unknown,0.4169560563860261
2026-04-17,C 制造业,0.3970687116881585
2026-04-17,I 信息技术,0.0795647957804225
2026-04-17,J 金融业,0.0779928568464694
2026-04-17,B 采矿业,0.0179568284452979
2026-04-20,C 制造业,0.439826230144538
2026-04-20,unknown,0.39583194737469457
2026-04-20,J 金融业,0.07629568989095001
2026-04-20,I 信息技术,0.0392832852402397
2026-04-20,K 房地产,0.0200647725738441
2026-04-20,B 采矿业,0.0180079176495906
2026-04-21,unknown,0.4738477035684012
2026-04-21,C 制造业,0.4003018223308858
2026-04-21,J 金融业,0.0578321520697634
2026-04-21,I 信息技术,0.037702488115212
2026-04-21,K 房地产,0.0199321095384276
2026-04-22,unknown,0.5180397263459302
2026-04-22,C 制造业,0.3554484673246643
2026-04-22,J 金融业,0.057965539909896696
2026-04-22,I 信息技术,0.0376409504351346
2026-04-22,K 房地产,0.0197692908204745
2026-04-23,unknown,0.4965602516649891
2026-04-23,C 制造业,0.3752351424741067
2026-04-23,J 金融业,0.0384148747585256
2026-04-23,I 信息技术,0.037929187317211496
2026-04-23,R 文化传播,0.0208806287727552
2026-04-23,K 房地产,0.0198370297804571
2026-04-24,unknown,0.5348704153580786
2026-04-24,C 制造业,0.3191261922897525
2026-04-24,J 金融业,0.0376447593899953
2026-04-24,I 信息技术,0.037088655466337495
2026-04-24,R 文化传播,0.0205744594248446
2026-04-24,B 采矿业,0.0202133992408675
2026-04-24,K 房地产,0.0193781442050235
2026-04-27,unknown,0.5322729147960438
2026-04-27,C 制造业,0.33674290580681543
2026-04-27,K 房地产,0.039910951247720095
2026-04-27,I 信息技术,0.0203979747458214
2026-04-27,R 文化传播,0.0203318207109353
2026-04-27,B 采矿业,0.0199741361559512
2026-04-27,J 金融业,0.0191874739844961
2026-04-28,unknown,0.5533094132312107
2026-04-28,C 制造业,0.3342737454914524
2026-04-28,K 房地产,0.0411077728228134
2026-04-28,J 金融业,0.0206830577797256
2026-04-28,R 文化传播,0.0200959881474912
2026-04-28,B 采矿业,0.0198552657971284
2026-04-29,unknown,0.5531389283264211
2026-04-29,C 制造业,0.2951284458276442
2026-04-29,K 房地产,0.041383977249759105
2026-04-29,J 金融业,0.0402498735896855
2026-04-29,R 文化传播,0.0199287413251923
2026-04-29,I 信息技术,0.0198294758157408
2026-04-29,B 采矿业,0.0197413439811811
2026-04-30,unknown,0.4952945000808238
2026-04-30,C 制造业,0.3752421476306765
2026-04-30,K 房地产,0.041435556405803195
2026-04-30,R 文化传播,0.0201301769845876
2026-04-30,A 农林牧渔,0.0200540275299818
2026-04-30,B 采矿业,0.0189601094645436
2026-04-30,I 信息技术,0.0181205218675388
2026-05-06,unknown,0.472278702602716
2026-05-06,C 制造业,0.4363038490239639
2026-05-06,K 房地产,0.041888967207946395
2026-05-06,B 采矿业,0.0196514698774875
2026-05-06,R 文化传播,0.019585365082205
2026-05-07,unknown,0.5132283488713352
2026-05-07,C 制造业,0.3342168500158721
2026-05-07,I 信息技术,0.0604172939215882
2026-05-07,K 房地产,0.0418595783960369
2026-05-07,B 采矿业,0.019902002113238
2026-05-07,R 文化传播,0.0196138273322372
2026-05-08,unknown,0.5527580321974547
2026-05-08,C 制造业,0.2938902653834796
2026-05-08,K 房地产,0.0425056413537196
2026-05-08,I 信息技术,0.0399751538163866
2026-05-08,B 采矿业,0.0207360486197852
2026-05-08,Q 卫生,0.0198926906550567
2026-05-08,R 文化传播,0.0197817263292881
2026-05-11,unknown,0.6300675679352564
2026-05-11,C 制造业,0.2387007580920795
2026-05-11,I 信息技术,0.0401212793537684
2026-05-11,K 房地产,0.0215707490921579
2026-05-11,Q 卫生,0.0199705461161458
2026-05-11,B 采矿业,0.0197064475958562
2026-05-11,R 文化传播,0.0192968521595722
2026-05-12,unknown,0.5892668485373574
2026-05-12,C 制造业,0.2996515891246578
2026-05-12,I 信息技术,0.0401197535124542
2026-05-12,K 房地产,0.0217587528603955
2026-05-12,J 金融业,0.019590181912862
2026-05-12,R 文化传播,0.0191235607386942
2026-05-13,unknown,0.5498554906281671
2026-05-13,C 制造业,0.35945175085991943
2026-05-13,K 房地产,0.0209762566728217
2026-05-13,I 信息技术,0.0206476741945973
2026-05-13,J 金融业,0.0193773279779724
2026-05-13,R 文化传播,0.0190764706325184
2026-05-14,unknown,0.573142688727693
2026-05-14,C 制造业,0.3364745228542006
2026-05-14,K 房地产,0.0209151291089636
2026-05-14,I 信息技术,0.0208515905081119
2026-05-14,J 金融业,0.0189528416861135
2026-05-14,R 文化传播,0.0188349578569023
2026-05-15,unknown,0.5707859404935866
2026-05-15,C 制造业,0.2995827121556206
2026-05-15,I 信息技术,0.0411745366439534
2026-05-15,K 房地产,0.040439189517570195
2026-05-15,J 金融业,0.0186749888123276
2026-05-15,R 文化传播,0.0186495644400043
2026-05-18,unknown,0.5541769979768729
2026-05-18,C 制造业,0.3176690444960959
2026-05-18,I 信息技术,0.0412959182447752
2026-05-18,K 房地产,0.0391605637019478
2026-05-18,J 金融业,0.0189294764788426
2026-05-18,R 文化传播,0.0182735867303885
2026-05-19,unknown,0.5578993676009723
2026-05-19,C 制造业,0.3331608122759013
2026-05-19,I 信息技术,0.040958478386921
2026-05-19,K 房地产,0.0197717650993145
2026-05-19,J 金融业,0.018927078154389
2026-05-19,R 文化传播,0.0188389211137076
2026-05-20,unknown,0.5367580482493448
2026-05-20,C 制造业,0.3123417219754165
2026-05-20,I 信息技术,0.0631727396919209
2026-05-20,J 金融业,0.0390960530097372
2026-05-20,K 房地产,0.0195342508901483
2026-05-20,R 文化传播,0.0182596064678524
2026-05-21,unknown,0.5561308750099907
2026-05-21,C 制造业,0.3337996449809805
2026-05-21,I 信息技术,0.041790900762083805
2026-05-21,B 采矿业,0.0204116802126552
2026-05-21,K 房地产,0.0190350201684291
2026-05-21,R 文化传播,0.0180048608760971
2026-05-22,unknown,0.4474461115620582
2026-05-22,C 制造业,0.3814067398104076
2026-05-22,I 信息技术,0.0837883084660828
2026-05-22,K 房地产,0.0386603886295126
2026-05-22,B 采矿业,0.0202801580224163
2026-05-22,R 文化传播,0.0176485772658667
2026-05-25,unknown,0.423603941733908
2026-05-25,C 制造业,0.4229166667619837
2026-05-25,I 信息技术,0.085260930914084
2026-05-25,B 采矿业,0.0202948855004444
2026-05-25,K 房地产,0.0201230831365221
2026-05-25,R 文化传播,0.0170153300921005
2026-05-26,unknown,0.4267782823401216
2026-05-26,C 制造业,0.3992107372994196
2026-05-26,I 信息技术,0.0862698637737282
2026-05-26,B 采矿业,0.0209084360744574
2026-05-26,J 金融业,0.0199618702150744
2026-05-26,K 房地产,0.0193198541650837
2026-05-26,R 文化传播,0.0170285957270621
2026-05-27,unknown,0.4453966261219394
2026-05-27,C 制造业,0.3825050946720666
2026-05-27,I 信息技术,0.0851987136717093
2026-05-27,B 采矿业,0.019933327682921
2026-05-27,J 金融业,0.0197058424401892
2026-05-27,K 房地产,0.0192217439143883
2026-05-27,R 文化传播,0.017580603763661
2026-05-28,C 制造业,0.4482529044649163
2026-05-28,unknown,0.4469392663493442
2026-05-28,I 信息技术,0.0375550353643763
2026-05-28,J 金融业,0.0199011500390521
2026-05-28,K 房地产,0.019220681053298
2026-05-28,R 文化传播,0.017055652814606
2026-05-29,unknown,0.5116446624322675
2026-05-29,C 制造业,0.3626881402334863
2026-05-29,I 信息技术,0.036309402101415006
2026-05-29,K 房地产,0.0207273996996771
2026-05-29,B 采矿业,0.0204590487473752
2026-05-29,J 金融业,0.0200880729624505
2026-05-29,R 文化传播,0.0171896526276616
2026-06-01,unknown,0.5255704966901052
2026-06-01,C 制造业,0.3420079871594605
2026-06-01,I 信息技术,0.0404165988818134
2026-06-01,K 房地产,0.0401665641381881
2026-06-01,B 采矿业,0.0207488192913508
2026-06-01,J 金融业,0.020365268769124
2026-06-02,unknown,0.6046038265020763
2026-06-02,C 制造业,0.282990630192534
2026-06-02,I 信息技术,0.041126297724862995
2026-06-02,B 采矿业,0.0209061325850286
2026-06-02,J 金融业,0.0199844880781761
2026-06-02,K 房地产,0.0193457616404114
2026-06-03,unknown,0.58508068367741
2026-06-03,C 制造业,0.3229047102913726
2026-06-03,I 信息技术,0.0414595181114345
2026-06-03,A 农林牧渔,0.020331708949873
2026-06-03,J 金融业,0.0195374618614525
2026-06-04,unknown,0.6030982832030745
2026-06-04,C 制造业,0.3071707082145026
2026-06-04,I 信息技术,0.0406568775277078
2026-06-04,A 农林牧渔,0.0201358500992944
2026-06-04,K 房地产,0.0189113522582847
2026-06-05,unknown,0.6462927344125732
2026-06-05,C 制造业,0.2405811027696852
2026-06-05,I 信息技术,0.0419961625417783
2026-06-05,A 农林牧渔,0.040876958590200504
2026-06-05,K 房地产,0.0195369782717674
2026-06-08,unknown,0.6084742859967714
2026-06-08,C 制造业,0.2373307245943874
2026-06-08,I 信息技术,0.0631594622521353
2026-06-08,A 农林牧渔,0.041289257255007
2026-06-08,B 采矿业,0.0195411757967333
2026-06-08,K 房地产,0.0194633698677259
2026-06-09,unknown,0.4080559940629365
2026-06-09,C 制造业,0.341089210215575
2026-06-09,I 信息技术,0.10234953800387381
2026-06-09,A 农林牧渔,0.0404106093962138
2026-06-09,J 金融业,0.0197348957241538
2026-06-09,F 批发零售,0.0197332295305144
2026-06-09,R 文化传播,0.0197317096353967
2026-06-09,B 采矿业,0.0195491706807285
2026-06-09,K 房地产,0.0189368558031287
2026-06-10,unknown,0.4724196563504227
2026-06-10,C 制造业,0.3170110544033519
2026-06-10,I 信息技术,0.1017786814965617
2026-06-10,A 农林牧渔,0.0202119670783927
2026-06-10,J 金融业,0.0197323642901554
2026-06-10,R 文化传播,0.0195547590199133
2026-06-10,K 房地产,0.0192775836749813
2026-06-10,B 采矿业,0.019245684167311
2026-06-11,unknown,0.4728393104053662
2026-06-11,C 制造业,0.3997233787685138
2026-06-11,I 信息技术,0.038077024778515295
2026-06-11,A 农林牧渔,0.0202097970415055
2026-06-11,J 金融业,0.0197465440647008
2026-06-11,B 采矿业,0.0196543293575779
2026-06-11,R 文化传播,0.0188660428884029
2026-06-12,unknown,0.5789312148591362
2026-06-12,C 制造业,0.2922757205567987
2026-06-12,J 金融业,0.040675455661267096
2026-06-12,I 信息技术,0.037553326109723395
2026-06-12,B 采矿业,0.019935257363624
2026-06-12,R 文化传播,0.0191424928084647
2026-06-15,unknown,0.4741786589759721
2026-06-15,C 制造业,0.3771226797306978
2026-06-15,I 信息技术,0.05879674421067781
2026-06-15,J 金融业,0.039638080579016396
2026-06-15,B 采矿业,0.0203548571115821
2026-06-15,R 文化传播,0.019039452493587
2026-06-16,unknown,0.5344760422844865
2026-06-16,C 制造业,0.318440470399664
2026-06-16,I 信息技术,0.0584692205575685
2026-06-16,J 金融业,0.0390373103635647
2026-06-16,B 采矿业,0.0198221752785711
2026-06-16,R 文化传播,0.0191006735822764
2026-06-17,unknown,0.5716496527134705
2026-06-17,C 制造业,0.3017049709648117
2026-06-17,I 信息技术,0.0582118679275105
2026-06-17,B 采矿业,0.0199163527124858
2026-06-17,J 金融业,0.0194030808113368
2026-06-17,R 文化传播,0.0185002602982802
2026-06-18,unknown,0.5662990330995354
2026-06-18,C 制造业,0.262909689022781
2026-06-18,I 信息技术,0.0815765589091802
2026-06-18,L 商务服务,0.0212425401516541
2026-06-18,B 采矿业,0.0192461013987208
2026-06-18,J 金融业,0.0189648336617901
2026-06-18,R 文化传播,0.0185321977631804
2026-06-22,unknown,0.5899224899276684
2026-06-22,C 制造业,0.2193908588918725
2026-06-22,I 信息技术,0.0824858871935657
2026-06-22,L 商务服务,0.0208696784858577
2026-06-22,A 农林牧渔,0.0201850802409825
2026-06-22,J 金融业,0.0193673586569979
2026-06-22,B 采矿业,0.0189457757319223
2026-06-22,R 文化传播,0.018222549219527
2026-06-23,unknown,0.5972662134439638
2026-06-23,C 制造业,0.1768797141110747
2026-06-23,J 金融业,0.0772439444213236
2026-06-23,I 信息技术,0.060536430292979504
2026-06-23,L 商务服务,0.020783595941834
2026-06-23,A 农林牧渔,0.0204383201389759
2026-06-23,R 文化传播,0.0191704079507798
2026-06-23,B 采矿业,0.0174622362139275
2026-06-24,unknown,0.6197135822971807
2026-06-24,C 制造业,0.1571684599867738
2026-06-24,J 金融业,0.07553495212203759
2026-06-24,I 信息技术,0.0405473955728732
2026-06-24,A 农林牧渔,0.040104565086041
2026-06-24,L 商务服务,0.0204182037527714
2026-06-24,R 文化传播,0.0183332415908923
2026-06-24,B 采矿业,0.0175565708569366
